"nome_cientifico","listavermelha","port443","inmma2014","port561","portmma_148_2022","volume","uf","ano"
apuleia leiocarpa,VU,VU,,VU,VU,3426.4158000000000005,AM,2020.0
peltogyne paradoxa,,,,,VU,461.8722,PA,2016.0
ocotea odorifera,EN,EN,,EN,EN,66.2980,PA,2007.0
erisma fuscum,,,,,EN,474.7975,RR,2013.0
euxylophora paraensis,CR,CR,,CR,EN,109.464,RO,2013.0
apuleia leiocarpa,VU,VU,,VU,VU,11117.0161000000000147,RO,2019.0
cedrela odorata,VU,VU,VU,VU,VU,7312.3659,RO,2013.0
bertholletia excelsa,VU,VU,,VU,VU,5944.0023,PA,2012.0
cedrela odorata,VU,VU,VU,VU,VU,6614.3120000000000330,AM,2007.0
vouacapoua americana,EN,EN,,EN,EN,49.3725,RO,2017.0
cedrela fissilis,VU,VU,VU,VU,VU,394.343,MT,2008.0
virola surinamensis,VU,VU,,VU,VU,146.295,RO,2012.0
cariniana legalis,EN,EN,,EN,EN,324.1869,PA,2008.0
manilkara bella,EN,,,,,222.46,MT,2016.0
virola surinamensis,VU,VU,,VU,VU,49.1590000000000001,AC,2012.0
lafoensia glyptocarpa,,,,,EN,378.0940,PA,2014.0
ocotea odorifera,EN,EN,,EN,EN,2735.6921,MT,2016.0
hymenaea parvifolia,VU,VU,,VU,VU,2160.9527999999999935,PA,2019.0
bertholletia excelsa,VU,VU,,VU,VU,4085.960599999999985,PA,2016.0
cedrela odorata,VU,VU,VU,VU,VU,15770.0808,PA,2010.0
hymenaea parvifolia,VU,VU,,VU,VU,4469.1417999999999992,PA,2016.0
hymenolobium excelsum,VU,VU,,VU,VU,14893.3827999999999957,RO,2019.0
cedrela odorata,VU,VU,VU,VU,VU,16673.7621999999999926,PA,2009.0
cariniana legalis,EN,EN,,EN,EN,1843.8824,MT,2013.0
hymenolobium excelsum,VU,VU,,VU,VU,12305.1697000000000184,PA,2019.0
apuleia leiocarpa,VU,VU,,VU,VU,8035.96640000000004443,AC,2011.0
cedrela fissilis,VU,VU,VU,VU,VU,1.9,RR,2018.0
qualea magna,EN,EN,,,EN,50.000,MT,2015.0
eriotheca longipedicellata,,,,,VU,511.3507,PA,2019.0
vochysia eximia,,,,,VU,286.032999999999999,AP,2009.0
hymenolobium excelsum,VU,VU,,VU,VU,33787.8339,MT,2019.0
eriotheca longipedicellata,,,,,VU,70.223,RO,2016.0
mezilaurus itauba,VU,VU,,VU,VU,1875.4037999999999941,AP,2011.0
cariniana legalis,EN,EN,,EN,EN,25.104,AC,2012.0
hymenolobium excelsum,VU,VU,,VU,VU,8388.3334000000000065,PA,2016.0
erisma fuscum,,,,,EN,17.189,AP,2018.0
eriotheca longipedicellata,,,,,VU,694.9726,PA,2016.0
eschweilera compressa,EN,EN,,,EN,189.798000000000003,AM,2010.0
ocotea fragrantissima,,,,,EN,41.2230,RR,2009.0
melanoxylon brauna,VU,VU,,,VU,14.251,MT,2006.0
pterodon apparicioi,,,,,EN,229.7620,PA,2012.0
ocotea fragrantissima,,,,,EN,52.3139000000000005,AM,2013.0
mezilaurus itauba,VU,VU,,VU,VU,4984.8707000000000064,AM,2017.0
hymenolobium excelsum,VU,VU,,VU,VU,1169.6169999999999985,AC,2007.0
cedrela fissilis,VU,VU,VU,VU,VU,22.5990000000000001,AC,2019.0
eschweilera compressa,EN,EN,,,EN,79.1421,AM,2015.0
amburana acreana,VU,VU,,,VU,6483.7802,RO,2017.0
cedrela odorata,VU,VU,VU,VU,VU,7644.52480000000001107,AC,2020.0
hymenolobium excelsum,VU,VU,,VU,VU,155.569,RR,2017.0
aldina heterophylla,,,,,VU,30.90,RO,2011.0
ocotea fragrantissima,,,,,EN,83.5106000000000005,AM,2011.0
virola surinamensis,VU,VU,,VU,VU,5.281000000000001,RR,2020.0
ocotea odorifera,EN,EN,,EN,EN,989.677,MT,2018.0
pouteria pachycalyx,VU,VU,,,,109.870,MT,2010.0
virola surinamensis,VU,VU,,VU,VU,2397.32,AP,2007.0
mezilaurus itauba,VU,VU,,VU,VU,714.5274000000000000,AP,2019.0
hymenolobium excelsum,VU,VU,,VU,VU,42.8259999999999983,AP,2015.0
cedrela fissilis,VU,VU,VU,VU,VU,261.2528,MT,2020.0
cedrela odorata,VU,VU,VU,VU,VU,8782.543999999999998,MT,2009.0
virola surinamensis,VU,VU,,VU,VU,112.0,AP,2015.0
swietenia macrophylla,VU,VU,CR,VU,VU,3304.7171,PA,2009.0
hymenaea parvifolia,VU,VU,,VU,VU,199.9200,PA,2007.0
hymenolobium excelsum,VU,VU,,VU,VU,695.9440,RR,2014.0
cedrela lilloi,EN,EN,VU,,,81.9164,PA,2015.0
ocotea odorifera,EN,EN,,EN,EN,100.000,MT,2011.0
mezilaurus itauba,VU,VU,,VU,VU,44435.532300000000000,PA,2011.0
centrolobium paraense,EN,EN,,EN,EN,5.0,RR,2010.0
erisma fuscum,,,,,EN,1054.26,RO,2012.0
euxylophora paraensis,CR,CR,,CR,EN,254.9223,RR,2009.0
qualea magna,EN,EN,,,EN,8.919,MT,2018.0
tabebuia cassinoides,EN,EN,,EN,VU,12.53,RO,2016.0
euxylophora paraensis,CR,CR,,CR,EN,38.772000000000000001,RO,2015.0
ocotea fragrantissima,,,,,EN,158.8571999999999992,AM,2012.0
eschweilera compressa,EN,EN,,,EN,0.0001,MT,2013.0
ocotea odorifera,EN,EN,,EN,EN,99.9999999999999993,RO,2020.0
virola surinamensis,VU,VU,,VU,VU,14256.5091999999999998,PA,2017.0
swietenia macrophylla,VU,VU,CR,VU,VU,934.4064,PA,2008.0
amburana acreana,VU,VU,,,VU,1033.0993999999999989,AM,2015.0
peltogyne maranhensis,VU,VU,,,VU,3.0,RR,2009.0
swietenia macrophylla,VU,VU,CR,VU,VU,326.526000000000006,RR,2010.0
hymenolobium excelsum,VU,VU,,VU,VU,66380.1595000000000303,RO,2015.0
vochysia mapuerae,,,,,VU,121.46,PA,2013.0
hymenaea parvifolia,VU,VU,,VU,VU,5570.8780000000000158,AM,2015.0
ocotea fragrantissima,,,,,EN,400.5407,PA,2018.0
amburana acreana,VU,VU,,,VU,22672.9768999999999954,MT,2014.0
buchenavia parvifolia,,VU,,,,5372.0409,MT,2015.0
apuleia leiocarpa,VU,VU,,VU,VU,2597.6949,MT,2009.0
vouacapoua americana,EN,EN,,EN,EN,22694.9503,PA,2009.0
euxylophora paraensis,CR,CR,,CR,EN,304.9829,PA,2016.0
hymenaea parvifolia,VU,VU,,VU,VU,256.349,MT,2006.0
mezilaurus itauba,VU,VU,,VU,VU,4185.0779,RO,2017.0
cariniana legalis,EN,EN,,EN,EN,6.007,RR,2010.0
hymenaea parvifolia,VU,VU,,VU,VU,2000.7544000000000010,AM,2019.0
peltogyne paradoxa,,,,,VU,333.5264,PA,2010.0
apuleia leiocarpa,VU,VU,,VU,VU,145337.1182000000000001,MT,2018.0
euxylophora paraensis,CR,CR,,CR,EN,2.9331,AM,2017.0
mezilaurus itauba,VU,VU,,VU,VU,534.8541999999999956,AP,2010.0
euxylophora paraensis,CR,CR,,CR,EN,43.37,RR,2012.0
apuleia leiocarpa,VU,VU,,VU,VU,12385.7646,RO,2013.0
peltogyne paradoxa,,,,,VU,746.6239,PA,2012.0
cedrela odorata,VU,VU,VU,VU,VU,25.0,RR,2013.0
hymenolobium excelsum,VU,VU,,VU,VU,2058.75099999999999715,AM,2009.0
mezilaurus itauba,VU,VU,,VU,VU,6469.11919999999998444,AM,2011.0
dimorphandra wilsonii,CR,CR,,,EN,15.1290,PA,2013.0
swietenia macrophylla,VU,VU,CR,VU,VU,481.669,AC,2013.0
qualea magna,EN,EN,,,EN,145.5956,MT,2017.0
euxylophora paraensis,CR,CR,,CR,EN,25.86,AC,2012.0
eriotheca longipedicellata,,,,,VU,1982.3800,PA,2014.0
vochysia eximia,,,,,VU,411.3350,PA,2015.0
buchenavia parvifolia,,VU,,,,713.59,PA,2007.0
peltogyne paradoxa,,,,,VU,715.7876,PA,2015.0
erisma fuscum,,,,,EN,574.2056,RO,2011.0
amburana acreana,VU,VU,,,VU,91.841,AM,2014.0
mezilaurus itauba,VU,VU,,VU,VU,156456.9649000000000011,MT,2019.0
euxylophora paraensis,CR,CR,,CR,EN,1.254,MT,2019.0
hymenolobium excelsum,VU,VU,,VU,VU,204.854,RO,2007.0
ocotea fragrantissima,,,,,EN,2344.550600000000002,PA,2020.0
hymenaea parvifolia,VU,VU,,VU,VU,93.1792,PA,2008.0
euplassa incana,VU,VU,,,,97.9617,PA,2017.0
mezilaurus itauba,VU,VU,,VU,VU,41.108,RR,2009.0
cedrela odorata,VU,VU,VU,VU,VU,106.16,RO,2006.0
virola surinamensis,VU,VU,,VU,VU,355.85300000000001,AP,2016.0
mezilaurus itauba,VU,VU,,VU,VU,527.4599999999999953,AC,2013.0
mezilaurus itauba,VU,VU,,VU,VU,138.5830000000000040,AC,2007.0
euxylophora paraensis,CR,CR,,CR,EN,277.5433,PA,2019.0
swietenia macrophylla,VU,VU,CR,VU,VU,13.6790,AP,2015.0
virola malmei,,,,,VU,10.00,PA,2007.0
amburana acreana,VU,VU,,,VU,6086.20099999999998849,AC,2007.0
amburana acreana,VU,VU,,,VU,18256.355099999999998,MT,2017.0
cariniana legalis,EN,EN,,EN,EN,4.4109,RR,2009.0
mezilaurus itauba,VU,VU,,VU,VU,238007.1252,MT,2009.0
terminalia acuminata,EN,EN,,,EN,1418.30,PA,2008.0
eschweilera compressa,EN,EN,,,EN,79.4225,RO,2012.0
pterodon apparicioi,,,,,EN,571.000,MT,2006.0
mezilaurus itauba,VU,VU,,VU,VU,222014.9167,MT,2010.0
erisma fuscum,,,,,EN,40.2,AP,2010.0
paratecoma peroba,EN,EN,,EN,EN,3.02,AP,2009.0
euxylophora paraensis,CR,CR,,CR,EN,92.3381,AM,2010.0
cariniana legalis,EN,EN,,EN,EN,164.1592,PA,2018.0
swietenia macrophylla,VU,VU,CR,VU,VU,328.4667000000000007,AM,2020.0
mezilaurus itauba,VU,VU,,VU,VU,503.2903999999999999,AP,2018.0
xylopia brasiliensis,,,,,VU,52.2580000000000003,RO,2015.0
lafoensia glyptocarpa,,,,,EN,645.5062,MT,2018.0
peltogyne paradoxa,,,,,VU,3722.6229999999999991,PA,2019.0
swietenia macrophylla,VU,VU,CR,VU,VU,482.2166,AM,2017.0
cedrela fissilis,VU,VU,VU,VU,VU,6,MT,2013.0
mezilaurus itauba,VU,VU,,VU,VU,184761.578100000000004,MT,2017.0
hymenolobium excelsum,VU,VU,,VU,VU,21121.323199999999998,MT,2020.0
erisma fuscum,,,,,EN,13.295,AP,2015.0
centrolobium paraense,EN,EN,,EN,EN,565.7457,AM,2016.0
hymenolobium excelsum,VU,VU,,VU,VU,39.3851,AP,2009.0
cedrela fissilis,VU,VU,VU,VU,VU,1528.525,MT,2006.0
aniba rosaeodora,EN,EN,CR,EN,,1748.466000000000003,AM,2007.0
vouacapoua americana,EN,EN,,EN,EN,603.1847999999999999,PA,2017.0
hymenaea parvifolia,VU,VU,,VU,VU,31.837,RR,2015.0
buchenavia parvifolia,,VU,,,,757.1726999999999997,PA,2016.0
euplassa cantareirae,EN,EN,,,EN,77.3870,PA,2017.0
qualea coerulea,VU,VU,,,EN,3.5935,PA,2018.0
mezilaurus itauba,VU,VU,,VU,VU,1893.1315999999999936,RO,2019.0
hymenaea parvifolia,VU,VU,,VU,VU,3001.1502000000000005,PA,2015.0
ocotea fragrantissima,,,,,EN,2.406,RR,2018.0
cedrela odorata,VU,VU,VU,VU,VU,7652.5552000000000370,AM,2019.0
hymenaea parvifolia,VU,VU,,VU,VU,3372.408,MT,2018.0
ocotea odorata,,,,,EN,5.4782,PA,2018.0
amburana acreana,VU,VU,,,VU,29646.383199999999998,MT,2007.0
mezilaurus itauba,VU,VU,,VU,VU,114.975,RR,2014.0
qualea magna,EN,EN,,,EN,1363.637,MT,2008.0
mezilaurus itauba,VU,VU,,VU,VU,189217.8166999999999999,MT,2014.0
cedrela odorata,VU,VU,VU,VU,VU,5655.52180000000000808,AC,2009.0
amburana acreana,VU,VU,,,VU,3869.5299999999999849,AM,2019.0
ocotea fragrantissima,,,,,EN,84.3347,RO,2012.0
mezilaurus itauba,VU,VU,,VU,VU,29813.7546999999999936,PA,2016.0
apuleia leiocarpa,VU,VU,,VU,VU,7.1689999999999995,AP,2011.0
vouacapoua americana,EN,EN,,EN,EN,45079.99440000000000033,PA,2011.0
eriotheca longipedicellata,,,,,VU,546.7486000000000015,AC,2017.0
apuleia leiocarpa,VU,VU,,VU,VU,902.830700000000003,AM,2018.0
vochysia eximia,,,,,VU,3299.6245,PA,2017.0
hymenolobium excelsum,VU,VU,,VU,VU,632.5320000000000038,AC,2012.0
cedrela odorata,VU,VU,VU,VU,VU,58.989,RR,2012.0
amburana acreana,VU,VU,,,VU,30116.505600000000003,MT,2015.0
cedrela odorata,VU,VU,VU,VU,VU,6846.53649999999999756,AC,2008.0
pterodon apparicioi,,,,,EN,29.98,RO,2020.0
eriotheca longipedicellata,,,,,VU,72.122,RO,2011.0
swietenia macrophylla,VU,VU,CR,VU,VU,4.1786,AC,2020.0
swietenia macrophylla,VU,VU,CR,VU,VU,8.9318,PA,2013.0
hymenaea parvifolia,VU,VU,,VU,VU,2361.600400000000001,AM,2011.0
eschweilera compressa,EN,EN,,,EN,766.393599999999998,AM,2014.0
mezilaurus itauba,VU,VU,,VU,VU,130.270000000000000,AP,2015.0
hymenolobium excelsum,VU,VU,,VU,VU,397.117000000000005,RR,2015.0
hymenaea parvifolia,VU,VU,,VU,VU,2482.5596000000000040,AM,2018.0
paratecoma peroba,EN,EN,,EN,EN,27.562,RR,2008.0
hymenolobium excelsum,VU,VU,,VU,VU,19740.9833000000000001,PA,2014.0
pterodon apparicioi,,,,,EN,4.382,RO,2015.0
cariniana legalis,EN,EN,,EN,EN,164.0120,RO,2014.0
hymenaea parvifolia,VU,VU,,VU,VU,2143.2722,RO,2016.0
cedrela odorata,VU,VU,VU,VU,VU,5286.7952000000000006,PA,2016.0
apuleia leiocarpa,VU,VU,,VU,VU,4205.5687000000000031,AM,2017.0
hymenolobium excelsum,VU,VU,,VU,VU,30.204,AP,2016.0
cedrela lilloi,EN,EN,VU,,,61.3247,PA,2017.0
cedrela odorata,VU,VU,VU,VU,VU,8101.99570000000000989,AC,2012.0
swietenia macrophylla,VU,VU,CR,VU,VU,2484.5656,PA,2020.0
cedrela fissilis,VU,VU,VU,VU,VU,0.579,AC,2010.0
mezilaurus itauba,VU,VU,,VU,VU,20295.0460,PA,2007.0
vouacapoua americana,EN,EN,,EN,EN,92.541000000000002,AP,2016.0
cariniana legalis,EN,EN,,EN,EN,5642.6864,MT,2015.0
hymenolobium excelsum,VU,VU,,VU,VU,13380.2062,PA,2013.0
mezilaurus itauba,VU,VU,,VU,VU,112.148700000000002,AC,2020.0
aniba rosaeodora,EN,EN,CR,EN,,877.118000000000001,AM,2008.0
apuleia leiocarpa,VU,VU,,VU,VU,70.00,AM,2010.0
peltogyne paradoxa,,,,,VU,1858.397000000000004,AM,2017.0
amburana acreana,VU,VU,,,VU,8509.0621,RO,2013.0
qualea labouriauana,,,,,VU,62.5632,RO,2016.0
mezilaurus itauba,VU,VU,,VU,VU,5674.1970,RO,2016.0
cedrela odorata,VU,VU,VU,VU,VU,10435.2755,PA,2012.0
zeyheria tuberculosa,VU,VU,,VU,,5.475,RO,2014.0
euxylophora paraensis,CR,CR,,CR,EN,9.0,AM,2007.0
hymenaea parvifolia,VU,VU,,VU,VU,1658.5717,RO,2011.0
qualea coerulea,VU,VU,,,EN,531.7173,PA,2017.0
hymenaea parvifolia,VU,VU,,VU,VU,1589.061000000000001,MT,2016.0
tabebuia cassinoides,EN,EN,,EN,VU,69.0980,PA,2013.0
apuleia leiocarpa,VU,VU,,VU,VU,95865.9090999999999984,MT,2013.0
ocotea odorifera,EN,EN,,EN,EN,1027.9462,MT,2020.0
amburana acreana,VU,VU,,,VU,6692.4706,RO,2012.0
ocotea odorifera,EN,EN,,EN,EN,1.625,RR,2009.0
hymenaea parvifolia,VU,VU,,VU,VU,32.247,RR,2007.0
aniba rosaeodora,EN,EN,CR,EN,,70.362,MT,2011.0
aniba rosaeodora,EN,EN,CR,EN,,120.9584,MT,2019.0
swietenia macrophylla,VU,VU,CR,VU,VU,81.503,RR,2008.0
eriotheca longipedicellata,,,,,VU,434.432900000000001,AC,2014.0
peltogyne paradoxa,,,,,VU,110.000,MT,2018.0
cedrela fissilis,VU,VU,VU,VU,VU,54.2,RO,2007.0
cedrela odorata,VU,VU,VU,VU,VU,15302.6514,PA,2011.0
vochysia mapuerae,,,,,VU,92.167,AP,2014.0
cedrela odorata,VU,VU,VU,VU,VU,10147.7316,MT,2015.0
vouacapoua americana,EN,EN,,EN,EN,1071.5041,RO,2013.0
erisma fuscum,,,,,EN,429.0535,PA,2010.0
eriotheca longipedicellata,,,,,VU,2230.1250,PA,2007.0
vismia parviflora,,,,,EN,5.34,RO,2013.0
mezilaurus itauba,VU,VU,,VU,VU,39018.1579,PA,2012.0
diplotropis rodriguesii,,,,,VU,88.2523,RO,2019.0
amburana acreana,VU,VU,,,VU,4726.15310000000001408,AC,2009.0
cedrela odorata,VU,VU,VU,VU,VU,5173.96519999999998693,AC,2018.0
mezilaurus itauba,VU,VU,,VU,VU,61.965199999999999,AC,2017.0
virola surinamensis,VU,VU,,VU,VU,895.3262,PA,2008.0
euxylophora paraensis,CR,CR,,CR,EN,221.923999999999998,AP,2018.0
vouacapoua americana,EN,EN,,EN,EN,424.355,AP,2007.0
ocotea fragrantissima,,,,,EN,2215.5498,PA,2019.0
cedrela fissilis,VU,VU,VU,VU,VU,214.3620,PA,2009.0
ocotea fragrantissima,,,,,EN,181.0408,AM,2018.0
mezilaurus itauba,VU,VU,,VU,VU,111.8493000000000049,AC,2019.0
terminalia acuminata,EN,EN,,,EN,60.9530,PA,2010.0
vochysia mapuerae,,,,,VU,92.167000000000001,AP,2013.0
cedrela fissilis,VU,VU,VU,VU,VU,1406.9810,PA,2012.0
cedrela fissilis,VU,VU,VU,VU,VU,44.2623,RO,2015.0
erisma fuscum,,,,,EN,713.217800000000001,AM,2019.0
lafoensia glyptocarpa,,,,,EN,22.934,RO,2014.0
hymenaea parvifolia,VU,VU,,VU,VU,1627.406,MT,2013.0
hymenolobium excelsum,VU,VU,,VU,VU,2715.7830000000000097,AM,2008.0
peltogyne paradoxa,,,,,VU,2904.8316999999999912,PA,2018.0
couratari asterotricha,EN,EN,,,EN,520.0730,PA,2013.0
virola surinamensis,VU,VU,,VU,VU,16.1201,AC,2019.0
hymenolobium excelsum,VU,VU,,VU,VU,10436.8529000000000047,AM,2020.0
apuleia leiocarpa,VU,VU,,VU,VU,8548.80849999999998682,AC,2015.0
pradosia kuhlmannii,EN,EN,,,EN,2248.2310,PA,2010.0
eriotheca longipedicellata,,,,,VU,1421.5881999999999957,AC,2012.0
amburana acreana,VU,VU,,,VU,4726.3672000000000049,AC,2013.0
cariniana legalis,EN,EN,,EN,EN,2631.0090,MT,2007.0
cedrela odorata,VU,VU,VU,VU,VU,7908.6776999999999919,RO,2020.0
cedrela odorata,VU,VU,VU,VU,VU,18053.9230,RO,2014.0
cedrela odorata,VU,VU,VU,VU,VU,20641.6036,MT,2007.0
xylopia brasiliensis,,,,,VU,17.593,MT,2019.0
hymenaea parvifolia,VU,VU,,VU,VU,75.4079999999999981,AC,2019.0
terminalia acuminata,EN,EN,,,EN,31.1436,RO,2014.0
vochysia eximia,,,,,VU,701.8122,PA,2009.0
swietenia macrophylla,VU,VU,CR,VU,VU,12.736,RO,2011.0
hymenolobium excelsum,VU,VU,,VU,VU,13895.7486,MT,2006.0
cariniana legalis,EN,EN,,EN,EN,335.0140,PA,2011.0
apuleia leiocarpa,VU,VU,,VU,VU,3974.9950000000000060,AC,2007.0
euplassa cantareirae,EN,EN,,,EN,105.6290,PA,2019.0
peltogyne paradoxa,,,,,VU,6.400,AC,2019.0
ocotea fragrantissima,,,,,EN,2725.9649999999999928,AM,2007.0
erisma fuscum,,,,,EN,484.359199999999999,RO,2015.0
mezilaurus itauba,VU,VU,,VU,VU,369.5387000000000039,AC,2010.0
euxylophora paraensis,CR,CR,,CR,EN,94.8519999999999992,RR,2010.0
cedrela fissilis,VU,VU,VU,VU,VU,34.2580,RO,2018.0
hymenaea parvifolia,VU,VU,,VU,VU,74.8779999999999997,PA,2009.0
swietenia macrophylla,VU,VU,CR,VU,VU,1264.7349999999999995,PA,2019.0
cariniana legalis,EN,EN,,EN,EN,1340.750,MT,2008.0
apuleia leiocarpa,VU,VU,,VU,VU,3636.2878,RO,2016.0
centrolobium paraense,EN,EN,,EN,EN,68.104,RR,2008.0
hymenolobium excelsum,VU,VU,,VU,VU,187.220800000000001,RR,2020.0
qualea magna,EN,EN,,,EN,122.333,MT,2006.0
swietenia macrophylla,VU,VU,CR,VU,VU,87.898,RR,2009.0
vochysia eximia,,,,,VU,121.7980,PA,2010.0
mezilaurus itauba,VU,VU,,VU,VU,14111.5690999999999741,AM,2016.0
erisma fuscum,,,,,EN,3.8611,RR,2019.0
buchenavia parvifolia,,VU,,,,4.426,AC,2009.0
lafoensia glyptocarpa,,,,,EN,489.968,MT,2020.0
apuleia leiocarpa,VU,VU,,VU,VU,14178.62099999999994777,AC,2012.0
hymenaea parvifolia,VU,VU,,VU,VU,336.8801000000000003,PA,2011.0
apuleia leiocarpa,VU,VU,,VU,VU,12833.67460000000000215,AC,2014.0
hymenolobium excelsum,VU,VU,,VU,VU,192.292000000000002,AP,2012.0
cedrela fissilis,VU,VU,VU,VU,VU,910.5880,PA,2013.0
lafoensia glyptocarpa,,,,,EN,750.4233,PA,2012.0
cedrela odorata,VU,VU,VU,VU,VU,384.2158000000000025,AM,2014.0
lafoensia glyptocarpa,,,,,EN,287.7950,PA,2013.0
aldina heterophylla,,,,,VU,1.758,AM,2015.0
mezilaurus itauba,VU,VU,,VU,VU,2258.1881000000000096,RO,2020.0
swietenia macrophylla,VU,VU,CR,VU,VU,56.9069,AM,2018.0
amburana acreana,VU,VU,,,VU,10813.16719999999999299,AC,2019.0
couratari asterotricha,EN,EN,,,EN,43.682,RO,2013.0
cedrela odorata,VU,VU,VU,VU,VU,3795.01540000000000477,AC,2017.0
peltogyne paradoxa,,,,,VU,2399.2578,PA,2014.0
euxylophora paraensis,CR,CR,,CR,EN,15790.4182,PA,2013.0
hymenolobium excelsum,VU,VU,,VU,VU,3342.2407999999999947,AM,2013.0
couratari asterotricha,EN,EN,,,EN,607.9230,PA,2015.0
peltogyne paradoxa,,,,,VU,830.4451,PA,2013.0
vochysia rufescens,,,,,VU,8891.6157,MT,2020.0
amburana acreana,VU,VU,,,VU,812.4119999999999957,AM,2007.0
cedrela odorata,VU,VU,VU,VU,VU,5925.28009999999999845,AC,2013.0
euxylophora paraensis,CR,CR,,CR,EN,10.226,MT,2013.0
virola surinamensis,VU,VU,,VU,VU,688.479999999999996,AP,2008.0
hymenolobium excelsum,VU,VU,,VU,VU,179.7139999999999985,AC,2017.0
apuleia leiocarpa,VU,VU,,VU,VU,173674.128399999999991,MT,2020.0
ocotea fragrantissima,,,,,EN,35.698000000000001,AM,2020.0
mezilaurus itauba,VU,VU,,VU,VU,209200.6348,MT,2012.0
terminalia acuminata,EN,EN,,,EN,43.8020,RO,2012.0
buchenavia parvifolia,,VU,,,,149.046,MT,2012.0
peltogyne paradoxa,,,,,VU,5.61,AP,2016.0
hymenolobium excelsum,VU,VU,,VU,VU,12756.6028,PA,2009.0
vochysia mapuerae,,,,,VU,5.1,RO,2019.0
peltogyne paradoxa,,,,,VU,1795.473000000000002,RO,2019.0
peltogyne discolor,,,,,VU,739.410,MT,2016.0
mezilaurus itauba,VU,VU,,VU,VU,831.7740000000000053,AP,2020.0
hymenolobium excelsum,VU,VU,,VU,VU,7178.4263000000000015,RO,2020.0
eriotheca longipedicellata,,,,,VU,2688.9893,PA,2011.0
cedrela odorata,VU,VU,VU,VU,VU,7727.27000000000000218,AC,2007.0
mezilaurus itauba,VU,VU,,VU,VU,2.628,AC,2016.0
euplassa incana,VU,VU,,,,862.5201999999999976,PA,2020.0
hymenaea parvifolia,VU,VU,,VU,VU,130.2529999999999987,AC,2015.0
apuleia leiocarpa,VU,VU,,VU,VU,8968.3399999999999913,RO,2015.0
cedrela lilloi,EN,EN,VU,,,22.3017,PA,2016.0
mezilaurus itauba,VU,VU,,VU,VU,38985.147899999999998,PA,2013.0
peltogyne paradoxa,,,,,VU,4.0,AP,2009.0
mezilaurus itauba,VU,VU,,VU,VU,230.3248000000000017,AC,2015.0
apuleia leiocarpa,VU,VU,,VU,VU,29869.6233,PA,2015.0
cariniana legalis,EN,EN,,EN,EN,661.6550,PA,2010.0
buchenavia parvifolia,,VU,,,,2757.4374,MT,2016.0
mezilaurus itauba,VU,VU,,VU,VU,17110.9412000000000068,AM,2014.0
hymenolobium excelsum,VU,VU,,VU,VU,3498.0895000000000008,AM,2012.0
virola surinamensis,VU,VU,,VU,VU,12598.3141,PA,2010.0
mezilaurus itauba,VU,VU,,VU,VU,87.382,RR,2013.0
peltogyne paradoxa,,,,,VU,152.9950,PA,2008.0
vouacapoua americana,EN,EN,,EN,EN,128.963,RO,2016.0
eriotheca longipedicellata,,,,,VU,145.418,RO,2019.0
bertholletia excelsa,VU,VU,,VU,VU,6664.038999999999988,PA,2020.0
tabebuia cassinoides,EN,EN,,EN,VU,1401.9830,PA,2014.0
ocotea catharinensis,VU,VU,,,VU,1.1340000000000001,RO,2015.0
peltogyne maranhensis,VU,VU,,,VU,49.21,PA,2014.0
hymenaea parvifolia,VU,VU,,VU,VU,3.721,AC,2008.0
caesalpinia echinata,EN,EN,CR,,,14.22,AM,2009.0
cedrela odorata,VU,VU,VU,VU,VU,20423.5465000000000004,PA,2007.0
pilocarpus jaborandi,EN,EN,,EN,EN,4.70,PA,2013.0
buchenavia parvifolia,,VU,,,,1684.6337999999999997,PA,2019.0
mezilaurus itauba,VU,VU,,VU,VU,469.5067000000000033,AC,2011.0
ocotea fragrantissima,,,,,EN,51.9341,AM,2016.0
qualea magna,EN,EN,,,EN,392.063,MT,2007.0
qualea labouriauana,,,,,VU,125.9505,PA,2017.0
vouacapoua americana,EN,EN,,EN,EN,195.4798999999999986,AP,2011.0
hymenolobium excelsum,VU,VU,,VU,VU,6540.4008999999999837,AM,2018.0
peltogyne paradoxa,,,,,VU,35.553,AM,2016.0
centrolobium paraense,EN,EN,,EN,EN,234.9759999999999974,AC,2009.0
hymenolobium excelsum,VU,VU,,VU,VU,5564.0496000000000033,AM,2014.0
apuleia leiocarpa,VU,VU,,VU,VU,2453.7750000000000182,AC,2008.0
amburana acreana,VU,VU,,,VU,16649.0357,MT,2016.0
peltogyne paradoxa,,,,,VU,1306.4646,PA,2011.0
apuleia leiocarpa,VU,VU,,VU,VU,150212.0617,MT,2016.0
buchenavia parvifolia,,VU,,,,1742.9177,MT,2018.0
vouacapoua americana,EN,EN,,EN,EN,23866.2216999999999999,PA,2010.0
cedrela odorata,VU,VU,VU,VU,VU,9579.538400000000003,MT,2010.0
virola surinamensis,VU,VU,,VU,VU,7.659,AM,2014.0
xylopia brasiliensis,,,,,VU,586.7961,PA,2011.0
cedrela odorata,VU,VU,VU,VU,VU,11111.5512000000000269,RO,2018.0
amburana acreana,VU,VU,,,VU,11992.5634,MT,2006.0
mezilaurus itauba,VU,VU,,VU,VU,342.3988999999999982,AP,2014.0
apuleia leiocarpa,VU,VU,,VU,VU,10503.066499999999994704,AC,2018.0
apuleia leiocarpa,VU,VU,,VU,VU,12282.18760000000001798,AC,2010.0
apuleia leiocarpa,VU,VU,,VU,VU,58112.6316999999999929,PA,2019.0
ocotea odorifera,EN,EN,,EN,EN,60.048,MT,2007.0
peltogyne paradoxa,,,,,VU,1617.8680,RO,2017.0
apuleia leiocarpa,VU,VU,,VU,VU,8.873,RR,2013.0
pouteria macrocarpa,VU,,,,,44.21,MT,2018.0
vouacapoua americana,EN,EN,,EN,EN,28.428999999999999,RO,2019.0
eriotheca longipedicellata,,,,,VU,157.319,RO,2012.0
tabebuia cassinoides,EN,EN,,EN,VU,386.590,MT,2006.0
mezilaurus itauba,VU,VU,,VU,VU,239.8049999999999981,AC,2009.0
hymenolobium excelsum,VU,VU,,VU,VU,14739.8213000000000087,PA,2020.0
euxylophora paraensis,CR,CR,,CR,EN,159.558,RO,2017.0
virola surinamensis,VU,VU,,VU,VU,15411.1067,PA,2012.0
erisma fuscum,,,,,EN,41.4487,PA,2017.0
hymenaea parvifolia,VU,VU,,VU,VU,1884.9563000000000012,RO,2020.0
mezilaurus itauba,VU,VU,,VU,VU,162.8279999999999944,AP,2016.0
cedrela fissilis,VU,VU,VU,VU,VU,71.350,MT,2016.0
hymenaea parvifolia,VU,VU,,VU,VU,3207.5505000000000210,AM,2014.0
cedrela odorata,VU,VU,VU,VU,VU,14431.6973,PA,2014.0
hymenolobium excelsum,VU,VU,,VU,VU,1781.0504000000000063,AM,2010.0
ocotea fragrantissima,,,,,EN,14.73,PA,2008.0
vochysia eximia,,,,,VU,329.9868,PA,2019.0
amburana acreana,VU,VU,,,VU,4001.04449999999999742,AC,2017.0
hymenolobium excelsum,VU,VU,,VU,VU,5257.00820000000001456,AM,2011.0
hymenaea parvifolia,VU,VU,,VU,VU,2478.6080999999999975,PA,2017.0
xylopia brasiliensis,,,,,VU,178.205,RO,2014.0
couratari pyramidata,EN,EN,,,EN,624.51,MT,2014.0
bertholletia excelsa,VU,VU,,VU,VU,3328.6788,PA,2011.0
hymenaea parvifolia,VU,VU,,VU,VU,2166.5367000000000037,RO,2019.0
couratari pyramidata,EN,EN,,,EN,1699.528,MT,2013.0
eriotheca longipedicellata,,,,,VU,327.5992,PA,2020.0
cariniana legalis,EN,EN,,EN,EN,710.00,RO,2006.0
hymenolobium excelsum,VU,VU,,VU,VU,20413.3910,MT,2014.0
amburana acreana,VU,VU,,,VU,591.13810000000000652,AM,2009.0
cariniana legalis,EN,EN,,EN,EN,2878.4896,MT,2016.0
vouacapoua americana,EN,EN,,EN,EN,11.057,AM,2008.0
hymenolobium excelsum,VU,VU,,VU,VU,29885.2567,MT,2013.0
paratecoma peroba,EN,EN,,EN,EN,100.000,MT,2007.0
peltogyne paradoxa,,,,,VU,452.3972,RO,2018.0
eriotheca longipedicellata,,,,,VU,935.7770,PA,2008.0
lafoensia glyptocarpa,,,,,EN,320.580,MT,2019.0
bertholletia excelsa,VU,VU,,VU,VU,41.31,RO,2013.0
cedrela odorata,VU,VU,VU,VU,VU,55.183,RO,2007.0
peltogyne paradoxa,,,,,VU,30.6959999999999999,AC,2017.0
eriotheca longipedicellata,,,,,VU,6.985,AC,2009.0
peltogyne paradoxa,,,,,VU,46.5255,AM,2010.0
cedrela fissilis,VU,VU,VU,VU,VU,285.5760000000000003,RO,2019.0
eriotheca longipedicellata,,,,,VU,381.4178999999999998,AC,2018.0
lafoensia glyptocarpa,,,,,EN,2399.55860000000002,PA,2019.0
vochysia mapuerae,,,,,VU,42.33,PA,2010.0
virola surinamensis,VU,VU,,VU,VU,140.406,RO,2019.0
mezilaurus itauba,VU,VU,,VU,VU,188299.61019999999999462,MT,2015.0
hymenolobium excelsum,VU,VU,,VU,VU,25758.244999999999999,MT,2018.0
bertholletia excelsa,VU,VU,,VU,VU,4.6137,PA,2015.0
peltogyne paradoxa,,,,,VU,629.897900000000000,AM,2019.0
qualea magna,EN,EN,,,EN,350.847,MT,2016.0
amburana acreana,VU,VU,,,VU,7129.94189999999999327,AC,2012.0
hymenolobium excelsum,VU,VU,,VU,VU,934.0849000000000062,AC,2016.0
ocotea fragrantissima,,,,,EN,2.9060000000000001,RR,2010.0
peltogyne paradoxa,,,,,VU,205.821,MT,2017.0
swietenia macrophylla,VU,VU,CR,VU,VU,386.791999999999998,AC,2014.0
buchenavia parvifolia,,VU,,,,3364.2550,PA,2010.0
ocotea fragrantissima,,,,,EN,39.7550,PA,2011.0
hymenolobium excelsum,VU,VU,,VU,VU,1998.54569999999999590,AC,2010.0
vochysia mapuerae,,,,,VU,4.15,RO,2017.0
cedrela odorata,VU,VU,VU,VU,VU,1553.0731000000000000,AM,2015.0
erisma fuscum,,,,,EN,995.4456,RO,2014.0
qualea magna,EN,EN,,,EN,38.59,MT,2011.0
virola surinamensis,VU,VU,,VU,VU,57.0860000000000002,AM,2010.0
apuleia leiocarpa,VU,VU,,VU,VU,7861.61589999999997679,AC,2016.0
euxylophora paraensis,CR,CR,,CR,EN,7744.4228,PA,2012.0
eriotheca longipedicellata,,,,,VU,67.775,AM,2014.0
amburana acreana,VU,VU,,,VU,7602.885200000000004201,RO,2019.0
aniba rosaeodora,EN,EN,CR,EN,,157.261,MT,2007.0
hymenaea parvifolia,VU,VU,,VU,VU,246.0677999999999999,PA,2010.0
swietenia macrophylla,VU,VU,CR,VU,VU,56.543,AC,2012.0
ocotea fragrantissima,,,,,EN,5.085,RO,2013.0
cariniana legalis,EN,EN,,EN,EN,11.670,AC,2009.0
mezilaurus itauba,VU,VU,,VU,VU,377.998,RR,2016.0
virola surinamensis,VU,VU,,VU,VU,24.605,AP,2017.0
cariniana legalis,EN,EN,,EN,EN,884.801,MT,2010.0
apuleia leiocarpa,VU,VU,,VU,VU,717.0230000000000030,AM,2019.0
xylopia brasiliensis,,,,,VU,25.9166,MT,2020.0
peltogyne paradoxa,,,,,VU,2108.3240,RO,2016.0
hymenolobium excelsum,VU,VU,,VU,VU,17377.565200000000002,PA,2015.0
apuleia leiocarpa,VU,VU,,VU,VU,143279.6056000000000000,MT,2014.0
couratari asterotricha,EN,EN,,,EN,588.5764,PA,2016.0
erisma fuscum,,,,,EN,394.9094,RO,2018.0
lafoensia glyptocarpa,,,,,EN,34.7630000000000011,AC,2010.0
peltogyne paradoxa,,,,,VU,1.517,AP,2008.0
pradosia kuhlmannii,EN,EN,,,EN,501.7635,PA,2011.0
amburana acreana,VU,VU,,,VU,647.8350000000000107,AM,2018.0
virola surinamensis,VU,VU,,VU,VU,4178.3263,PA,2014.0
vochysia rufescens,,,,,VU,4471.7848,MT,2015.0
eriotheca longipedicellata,,,,,VU,3779.6134,PA,2009.0
peltogyne paradoxa,,,,,VU,64.452999999999997,AM,2012.0
vochysia rufescens,,,,,VU,579.3897,MT,2012.0
apuleia leiocarpa,VU,VU,,VU,VU,106.668,RR,2016.0
virola surinamensis,VU,VU,,VU,VU,65.152,RR,2010.0
eriotheca longipedicellata,,,,,VU,1507.2249,PA,2012.0
cedrela odorata,VU,VU,VU,VU,VU,4634.94260000000000639,AC,2014.0
peltogyne maranhensis,VU,VU,,,VU,44.5063,PA,2017.0
lafoensia glyptocarpa,,,,,EN,1351.6265,PA,2015.0
vismia parviflora,,,,,EN,26.0419999999999987,RO,2020.0
xylopia brasiliensis,,,,,VU,465.4480,PA,2007.0
vismia parviflora,,,,,EN,38.5378,RO,2014.0
hymenaea parvifolia,VU,VU,,VU,VU,2065.5507000000000007,RO,2018.0
peltogyne paradoxa,,,,,VU,1500.905999999999993,RO,2020.0
euxylophora paraensis,CR,CR,,CR,EN,45.6296,RO,2014.0
couratari asterotricha,EN,EN,,,EN,536.5018,RO,2011.0
virola surinamensis,VU,VU,,VU,VU,3060.7610,PA,2009.0
peltogyne paradoxa,,,,,VU,30.025000000000001,AM,2007.0
eschweilera compressa,EN,EN,,,EN,137.516,RO,2007.0
vismia parviflora,,,,,EN,415.203,RO,2011.0
ocotea fragrantissima,,,,,EN,587.8130000000000039,RR,2007.0
hymenolobium excelsum,VU,VU,,VU,VU,20.825,AP,2017.0
erisma fuscum,,,,,EN,6.5319999999999997,AP,2012.0
cedrela odorata,VU,VU,VU,VU,VU,237.537,RR,2008.0
hymenolobium excelsum,VU,VU,,VU,VU,843.51720000000000223,AC,2019.0
swietenia macrophylla,VU,VU,CR,VU,VU,16.9490,PA,2014.0
euxylophora paraensis,CR,CR,,CR,EN,1.254,MT,2018.0
amburana acreana,VU,VU,,,VU,7834.42020000000001237,AC,2011.0
vochysia mapuerae,,,,,VU,18.6510,PA,2009.0
virola surinamensis,VU,VU,,VU,VU,18568.8227999999999866,PA,2020.0
cedrela odorata,VU,VU,VU,VU,VU,4384.49159999999998914,AC,2016.0
pterodon apparicioi,,,,,EN,25.31,RO,2019.0
peltogyne paradoxa,,,,,VU,210.286,MT,2019.0
cedrela odorata,VU,VU,VU,VU,VU,13050.611299999999997,MT,2018.0
lafoensia glyptocarpa,,,,,EN,16.193,MT,2016.0
peltogyne paradoxa,,,,,VU,55.221,AC,2007.0
hymenaea parvifolia,VU,VU,,VU,VU,785.489999999999997,AM,2007.0
sloanea froesii,,,,,VU,95,PA,2011.0
manilkara bella,EN,,,,,333.777,MT,2018.0
cedrela odorata,VU,VU,VU,VU,VU,15235.9869,MT,2020.0
apuleia leiocarpa,VU,VU,,VU,VU,33094.3904000000000083,PA,2016.0
pouteria macrocarpa,VU,,,,,248.998,MT,2015.0
euxylophora paraensis,CR,CR,,CR,EN,2115.2020,MT,2007.0
buchenavia parvifolia,,VU,,,,8.1660,RO,2011.0
paratecoma peroba,EN,EN,,EN,EN,26.314,RR,2009.0
amburana acreana,VU,VU,,,VU,3756.20069999999998898,AC,2014.0
aldina heterophylla,,,,,VU,20.0000,PA,2014.0
hymenolobium excelsum,VU,VU,,VU,VU,137.6050000000000035,AC,2018.0
swietenia macrophylla,VU,VU,CR,VU,VU,1278.0374999999999965,AC,2018.0
sloanea froesii,,,,,VU,63.5021,PA,2014.0
ocotea fragrantissima,,,,,EN,7.330,RO,2014.0
hymenaea parvifolia,VU,VU,,VU,VU,6716.2972000000000088,AM,2013.0
hymenaea parvifolia,VU,VU,,VU,VU,4650.9551,MT,2020.0
peltogyne paradoxa,,,,,VU,1179.6786,RO,2011.0
cedrela fissilis,VU,VU,VU,VU,VU,53.3413,PA,2018.0
cariniana legalis,EN,EN,,EN,EN,841.4670,PA,2007.0
hymenolobium excelsum,VU,VU,,VU,VU,1781.65599999999999346,AC,2008.0
pradosia kuhlmannii,EN,EN,,,EN,745.6441,PA,2013.0
mezilaurus itauba,VU,VU,,VU,VU,138527.5014,MT,2020.0
mezilaurus itauba,VU,VU,,VU,VU,446.59400000000000753,AP,2008.0
cariniana legalis,EN,EN,,EN,EN,104.685,RO,2020.0
buchenavia parvifolia,,VU,,,,238.5310,PA,2015.0
qualea magna,EN,EN,,,EN,596.2908,MT,2010.0
cedrela odorata,VU,VU,VU,VU,VU,6458.8703,RO,2012.0
amburana acreana,VU,VU,,,VU,15666.93539999999999,MT,2011.0
mezilaurus itauba,VU,VU,,VU,VU,739.69949999999999893,AP,2009.0
euxylophora paraensis,CR,CR,,CR,EN,16181.0060,PA,2011.0
euxylophora paraensis,CR,CR,,CR,EN,40.381,MT,2014.0
amburana acreana,VU,VU,,,VU,21906.046499999999987,MT,2012.0
peltogyne paradoxa,,,,,VU,541.5113999999999992,AM,2020.0
buchenavia parvifolia,,VU,,,,772.1048999999999995,PA,2017.0
hymenolobium excelsum,VU,VU,,VU,VU,37063.592199999999996,MT,2017.0
pradosia kuhlmannii,EN,EN,,,EN,1.524,AP,2015.0
eriotheca longipedicellata,,,,,VU,785.8658999999999991,AC,2020.0
eschweilera compressa,EN,EN,,,EN,1309.29499999999999895,AM,2017.0
hymenaea parvifolia,VU,VU,,VU,VU,372.7611,MT,2008.0
centrolobium paraense,EN,EN,,EN,EN,59.349999999999998,AC,2017.0
vouacapoua americana,EN,EN,,EN,EN,3.0,AM,2010.0
vouacapoua americana,EN,EN,,EN,EN,3.0,AM,2007.0
bertholletia excelsa,VU,VU,,VU,VU,5.58,PA,2009.0
eriotheca longipedicellata,,,,,VU,1112.7684000000000010,AC,2013.0
qualea labouriauana,,,,,VU,42.0199,PA,2018.0
amburana acreana,VU,VU,,,VU,11.87,RR,2008.0
peltogyne paradoxa,,,,,VU,1127.2593,PA,2007.0
apuleia leiocarpa,VU,VU,,VU,VU,68924.6444,PA,2011.0
mezilaurus itauba,VU,VU,,VU,VU,543.9700000000000037,RR,2015.0
peltogyne paradoxa,,,,,VU,2557.2586000000000029,RO,2015.0
aldina heterophylla,,,,,VU,26.257,RO,2012.0
aniba rosaeodora,EN,EN,CR,EN,,65.387,MT,2009.0
peltogyne paradoxa,,,,,VU,1308.4714,PA,2017.0
cariniana legalis,EN,EN,,EN,EN,242.5819999999999999,RR,2007.0
eriotheca longipedicellata,,,,,VU,209.995000000000001,RO,2015.0
ocotea catharinensis,VU,VU,,,VU,4.756,MT,2013.0
amburana acreana,VU,VU,,,VU,21918.599999999999980,MT,2013.0
qualea magna,EN,EN,,,EN,17.413,MT,2019.0
cedrela fissilis,VU,VU,VU,VU,VU,55.1047,PA,2017.0
melanoxylon brauna,VU,VU,,,VU,79.9670,PA,2009.0
vochysia mapuerae,,,,,VU,276.47,PA,2016.0
cedrela odorata,VU,VU,VU,VU,VU,60.978,RR,2009.0
apuleia leiocarpa,VU,VU,,VU,VU,22036.3678000000000104,AC,2020.0
aldina heterophylla,,,,,VU,668.677500000000000,AM,2020.0
ocotea catharinensis,VU,VU,,,VU,71.1970999999999987,RO,2018.0
peltogyne discolor,,,,,VU,27.092,MT,2018.0
lafoensia glyptocarpa,,,,,EN,12.047,RO,2015.0
cedrela odorata,VU,VU,VU,VU,VU,8895.1756,PA,2013.0
mezilaurus itauba,VU,VU,,VU,VU,35820.7366000000000359,PA,2017.0
cedrela odorata,VU,VU,VU,VU,VU,7199.4365,RO,2011.0
hymenolobium excelsum,VU,VU,,VU,VU,585.74099999999999097,RR,2007.0
erisma fuscum,,,,,EN,48.1498000000000004,AP,2017.0
vochysia mapuerae,,,,,VU,14.05,RO,2018.0
cedrela fissilis,VU,VU,VU,VU,VU,617.2277,PA,2019.0
virola surinamensis,VU,VU,,VU,VU,285.1939000000000003,AC,2020.0
vochysia eximia,,,,,VU,119.7822,PA,2012.0
pradosia kuhlmannii,EN,EN,,,EN,399.4856,PA,2008.0
euxylophora paraensis,CR,CR,,CR,EN,533.4461,MT,2008.0
mezilaurus itauba,VU,VU,,VU,VU,11754.3841000000000028,AM,2013.0
cedrela odorata,VU,VU,VU,VU,VU,15302.0495000000000008,MT,2012.0
qualea magna,EN,EN,,,EN,845.503,MT,2014.0
xylopia brasiliensis,,,,,VU,542.8819,PA,2010.0
hymenolobium excelsum,VU,VU,,VU,VU,1894.7423999999999973,AC,2011.0
eriotheca longipedicellata,,,,,VU,442.354,MT,2013.0
aniba rosaeodora,EN,EN,CR,EN,,25.933,MT,2008.0
cedrela odorata,VU,VU,VU,VU,VU,3724.3515999999999921,AM,2017.0
hymenaea parvifolia,VU,VU,,VU,VU,2114.345400000000001,AM,2010.0
eschweilera compressa,EN,EN,,,EN,349.6467,RO,2011.0
euxylophora paraensis,CR,CR,,CR,EN,53.2950000000000005,AC,2007.0
euxylophora paraensis,CR,CR,,CR,EN,2142.1386,MT,2006.0
hymenolobium excelsum,VU,VU,,VU,VU,188.985000000000003,RR,2019.0
euxylophora paraensis,CR,CR,,CR,EN,83.3868,RO,2011.0
erisma fuscum,,,,,EN,58.8517,PA,2012.0
virola surinamensis,VU,VU,,VU,VU,402.6542,RO,2016.0
vochysia eximia,,,,,VU,125.4629,PA,2018.0
hymenaea parvifolia,VU,VU,,VU,VU,3001.3162000000000019,AM,2017.0
cedrela odorata,VU,VU,VU,VU,VU,5411.3465999999999842,AM,2020.0
eriotheca longipedicellata,,,,,VU,15.000,MT,2018.0
cedrela odorata,VU,VU,VU,VU,VU,11727.8940000000000005,MT,2008.0
cedrela odorata,VU,VU,VU,VU,VU,13374.0791,MT,2014.0
virola surinamensis,VU,VU,,VU,VU,6.870,AC,2014.0
euxylophora paraensis,CR,CR,,CR,EN,9.6754,PA,2018.0
virola surinamensis,VU,VU,,VU,VU,319.228,AP,2009.0
aldina heterophylla,,,,,VU,7.3,RO,2013.0
terminalia acuminata,EN,EN,,,EN,443.4640,PA,2007.0
euxylophora paraensis,CR,CR,,CR,EN,20598.8078,PA,2008.0
eschweilera compressa,EN,EN,,,EN,305.7870000000000035,AM,2009.0
mezilaurus itauba,VU,VU,,VU,VU,36.699,RR,2008.0
virola surinamensis,VU,VU,,VU,VU,104.007,AC,2009.0
cedrela odorata,VU,VU,VU,VU,VU,11693.638900000000006,PA,2008.0
peltogyne maranhensis,VU,VU,,,VU,20.000,MT,2014.0
ocotea fragrantissima,,,,,EN,34.27,AM,2014.0
ocotea catharinensis,VU,VU,,,VU,12.8,RO,2014.0
eriotheca longipedicellata,,,,,VU,285.6709999999999982,RO,2018.0
cedrela fissilis,VU,VU,VU,VU,VU,148.6579999999999992,AC,2011.0
mezilaurus itauba,VU,VU,,VU,VU,175685.5618000000000001,MT,2008.0
manilkara bella,EN,,,,,15.9,MT,2015.0
eriotheca longipedicellata,,,,,VU,5543.15409999999999893,AC,2011.0
centrolobium paraense,EN,EN,,EN,EN,39.2951000000000004,AC,2013.0
aldina heterophylla,,,,,VU,144.09,AM,2010.0
euxylophora paraensis,CR,CR,,CR,EN,12004.7916,PA,2010.0
hymenaea parvifolia,VU,VU,,VU,VU,199.5779999999999982,AC,2016.0
mezilaurus itauba,VU,VU,,VU,VU,32952.8307000000000048,PA,2015.0
cedrela fissilis,VU,VU,VU,VU,VU,63.473,RR,2008.0
ocotea fragrantissima,,,,,EN,635.7910000000000041,AM,2009.0
apuleia leiocarpa,VU,VU,,VU,VU,33014.7062,PA,2009.0
mezilaurus itauba,VU,VU,,VU,VU,74677.1567,PA,2014.0
euxylophora paraensis,CR,CR,,CR,EN,41.818,RO,2016.0
mezilaurus itauba,VU,VU,,VU,VU,95807.6021000000000258,PA,2019.0
amburana acreana,VU,VU,,,VU,9420.4013000000000041,RO,2015.0
cedrela odorata,VU,VU,VU,VU,VU,10.0,AP,2014.0
eriotheca longipedicellata,,,,,VU,999.7997,PA,2010.0
eschweilera compressa,EN,EN,,,EN,184.7510,PA,2014.0
hymenaea parvifolia,VU,VU,,VU,VU,1971.4177,RO,2012.0
cariniana legalis,EN,EN,,EN,EN,5744.429800000000001,MT,2019.0
qualea labouriauana,,,,,VU,129.5729,RO,2017.0
euxylophora paraensis,CR,CR,,CR,EN,845.9460000000000065,AP,2017.0
mezilaurus itauba,VU,VU,,VU,VU,8.107000000000001,AP,2007.0
mezilaurus itauba,VU,VU,,VU,VU,7325.5070000000000102,AM,2007.0
euplassa cantareirae,EN,EN,,,EN,41.74,PA,2010.0
peltogyne paradoxa,,,,,VU,2743.5582000000000014,AM,2018.0
virola malmei,,,,,VU,40.9020,PA,2010.0
qualea labouriauana,,,,,VU,241.4408,RO,2019.0
deguelia hatschbachii,,,,,VU,84.5202,RO,2014.0
hymenolobium excelsum,VU,VU,,VU,VU,347.9666,RR,2013.0
eschweilera compressa,EN,EN,,,EN,198.9088999999999997,AM,2011.0
pterodon apparicioi,,,,,EN,37.55,PA,2010.0
hymenaea parvifolia,VU,VU,,VU,VU,2071.1832000000000037,RO,2015.0
hymenolobium excelsum,VU,VU,,VU,VU,23222.2888000000000237,RO,2018.0
peltogyne paradoxa,,,,,VU,1880.980,RO,2012.0
vouacapoua americana,EN,EN,,EN,EN,32163.6193,PA,2014.0
vouacapoua americana,EN,EN,,EN,EN,185.7480,AP,2009.0
hymenaea parvifolia,VU,VU,,VU,VU,811.099999999999998,AM,2008.0
vochysia eximia,,,,,VU,9400.0704,PA,2007.0
hymenaea parvifolia,VU,VU,,VU,VU,2494.3084000000000002,AM,2012.0
eriotheca longipedicellata,,,,,VU,453.9655000000000013,AC,2016.0
vouacapoua americana,EN,EN,,EN,EN,652.382699999999999,RO,2015.0
cedrela fissilis,VU,VU,VU,VU,VU,45.923,RR,2009.0
hymenolobium excelsum,VU,VU,,VU,VU,2399.50979999999999594,AC,2014.0
croton hemiargyreus,,,,,EN,7.4684,PA,2019.0
eriotheca longipedicellata,,,,,VU,1115.0302,PA,2018.0
cedrela odorata,VU,VU,VU,VU,VU,344.7019999999999993,AM,2012.0
cedrela fissilis,VU,VU,VU,VU,VU,31.064,MT,2015.0
buchenavia parvifolia,,VU,,,,3684.0900,PA,2013.0
virola surinamensis,VU,VU,,VU,VU,45.97,MT,2007.0
cedrela fissilis,VU,VU,VU,VU,VU,143.0200,PA,2007.0
apuleia leiocarpa,VU,VU,,VU,VU,1414.913999999999994,AM,2009.0
mezilaurus itauba,VU,VU,,VU,VU,159.39540000000000253,AC,2018.0
mezilaurus itauba,VU,VU,,VU,VU,6342.31650000000001025,AM,2020.0
hymenolobium excelsum,VU,VU,,VU,VU,20264.7988,MT,2015.0
hymenaea parvifolia,VU,VU,,VU,VU,3338.6249000000000046,PA,2018.0
virola surinamensis,VU,VU,,VU,VU,10414.7048,PA,2018.0
eschweilera compressa,EN,EN,,,EN,4755.0949999999999850,AM,2007.0
ocotea odorifera,EN,EN,,EN,EN,0.0003,MT,2008.0
cedrela odorata,VU,VU,VU,VU,VU,16.489,RR,2010.0
sloanea froesii,,,,,VU,98.9128,PA,2015.0
hymenolobium excelsum,VU,VU,,VU,VU,67719.4660,RO,2014.0
cedrela odorata,VU,VU,VU,VU,VU,14721.4223,MT,2013.0
couratari asterotricha,EN,EN,,,EN,293.766,MT,2017.0
eriotheca longipedicellata,,,,,VU,429.7054000000000030,RO,2020.0
euplassa cantareirae,EN,EN,,,EN,166.8426,PA,2018.0
sloanea froesii,,,,,VU,67.8329,PA,2020.0
mezilaurus itauba,VU,VU,,VU,VU,5509.5455000000000115,AM,2009.0
dimorphandra wilsonii,CR,CR,,,EN,10.423,MT,2020.0
pouteria pachycalyx,VU,VU,,,,90.075,MT,2009.0
virola surinamensis,VU,VU,,VU,VU,9.6,AM,2008.0
dimorphandra wilsonii,CR,CR,,,EN,103.9252,PA,2020.0
apuleia leiocarpa,VU,VU,,VU,VU,6643.8246000000000013,RO,2020.0
swietenia macrophylla,VU,VU,CR,VU,VU,6.687,RR,2007.0
euxylophora paraensis,CR,CR,,CR,EN,37.205999999999999,AP,2013.0
cariniana legalis,EN,EN,,EN,EN,73.2850,PA,2014.0
melanoxylon brauna,VU,VU,,,VU,33.984,MT,2007.0
mezilaurus itauba,VU,VU,,VU,VU,102.274999999999997,RO,2007.0
zeyheria tuberculosa,VU,VU,,VU,,34.005,RO,2019.0
qualea coerulea,VU,VU,,,EN,245.4466,PA,2014.0
manilkara bella,EN,,,,,924.383,MT,2017.0
zeyheria tuberculosa,VU,VU,,VU,,0.322,RO,2011.0
cariniana legalis,EN,EN,,EN,EN,2868.9462,MT,2006.0
buchenavia parvifolia,,VU,,,,2892.0218,MT,2013.0
apuleia leiocarpa,VU,VU,,VU,VU,2324.5330,MT,2010.0
swietenia macrophylla,VU,VU,CR,VU,VU,1133.065700000000005,AM,2015.0
qualea magna,EN,EN,,,EN,1118.323,MT,2009.0
cedrela fissilis,VU,VU,VU,VU,VU,610.1259,PA,2011.0
cariniana legalis,EN,EN,,EN,EN,1771.5113,MT,2014.0
eschweilera compressa,EN,EN,,,EN,180.0000,PA,2015.0
euxylophora paraensis,CR,CR,,CR,EN,665.9809000000000025,AM,2009.0
apuleia leiocarpa,VU,VU,,VU,VU,6512.7428,RO,2017.0
hymenaea parvifolia,VU,VU,,VU,VU,1602.724,MT,2014.0
vouacapoua americana,EN,EN,,EN,EN,27734.4195,PA,2013.0
vochysia rufescens,,,,,VU,5187.5200,MT,2018.0
peltogyne paradoxa,,,,,VU,25.2033,AM,2011.0
amburana acreana,VU,VU,,,VU,3868.0226999999999851,AC,2016.0
virola surinamensis,VU,VU,,VU,VU,559.301,MT,2013.0
apuleia leiocarpa,VU,VU,,VU,VU,30336.0192,PA,2007.0
virola surinamensis,VU,VU,,VU,VU,5436.5166,PA,2016.0
dimorphandra wilsonii,CR,CR,,,EN,367.143099999999999,PA,2018.0
peltogyne paradoxa,,,,,VU,5.278,MT,2020.0
eschweilera compressa,EN,EN,,,EN,25.250999999999998,RO,2015.0
croton hemiargyreus,,,,,EN,4.6972,PA,2020.0
mezilaurus itauba,VU,VU,,VU,VU,512.88199999999999935,AP,2017.0
vochysia eximia,,,,,VU,905.3820,PA,2011.0
apuleia leiocarpa,VU,VU,,VU,VU,227.4045000000000025,RR,2015.0
sloanea froesii,,,,,VU,13.3687,PA,2018.0
mezilaurus itauba,VU,VU,,VU,VU,112127.0756999999999711,PA,2020.0
cariniana legalis,EN,EN,,EN,EN,1817.112,MT,2017.0
bertholletia excelsa,VU,VU,,VU,VU,1527.823900000000012,PA,2018.0
cedrela odorata,VU,VU,VU,VU,VU,595.9776000000000022,AM,2013.0
peltogyne paradoxa,,,,,VU,127.453,AM,2008.0
bertholletia excelsa,VU,VU,,VU,VU,58.0,AM,2018.0
apuleia leiocarpa,VU,VU,,VU,VU,3188.3106000000000097,AC,2009.0
amburana acreana,VU,VU,,,VU,7210.486100000000003862,AC,2020.0
buchenavia parvifolia,,VU,,,,1209.3620,PA,2012.0
sloanea froesii,,,,,VU,10,PA,2012.0
apuleia leiocarpa,VU,VU,,VU,VU,43189.8291000000000241,PA,2020.0
hirtella insignis,EN,EN,,,,64.5359999999999998,AC,2007.0
hymenolobium excelsum,VU,VU,,VU,VU,10395.0396,PA,2012.0
aniba rosaeodora,EN,EN,CR,EN,,10.0,AM,2010.0
hymenolobium excelsum,VU,VU,,VU,VU,18115.9031,PA,2011.0
euplassa cantareirae,EN,EN,,,EN,31.1240,PA,2007.0
hymenolobium excelsum,VU,VU,,VU,VU,12456.8861999999999977,PA,2018.0
aldina heterophylla,,,,,VU,2.5980000000000003,RO,2020.0
hymenaea parvifolia,VU,VU,,VU,VU,1639.5064000000000003,PA,2014.0
hymenolobium excelsum,VU,VU,,VU,VU,3226.9210000000000082,AM,2007.0
centrolobium paraense,EN,EN,,EN,EN,342.3669999999999959,AC,2011.0
swietenia macrophylla,VU,VU,CR,VU,VU,1403.6280,AC,2016.0
peltogyne paradoxa,,,,,VU,33.8540000000000002,AP,2013.0
melanoxylon brauna,VU,VU,,,VU,1904.8379,PA,2010.0
eschweilera compressa,EN,EN,,,EN,312.0250,RO,2013.0
mezilaurus itauba,VU,VU,,VU,VU,5107.4749000000000176,AM,2018.0
vouacapoua americana,EN,EN,,EN,EN,371.367,AP,2010.0
vouacapoua americana,EN,EN,,EN,EN,143.097,AP,2012.0
hymenolobium excelsum,VU,VU,,VU,VU,7009.212,MT,2012.0
bertholletia excelsa,VU,VU,,VU,VU,2584.8477,PA,2010.0
amburana acreana,VU,VU,,,VU,2903.7837000000000128,AC,2015.0
erisma fuscum,,,,,EN,340.3774,AM,2018.0
cedrela odorata,VU,VU,VU,VU,VU,8516.9245999999999951,PA,2020.0
euxylophora paraensis,CR,CR,,CR,EN,2.921,RO,2012.0
amburana acreana,VU,VU,,,VU,20.837,RO,2007.0
vouacapoua americana,EN,EN,,EN,EN,21376.8333,PA,2007.0
eschweilera compressa,EN,EN,,,EN,268.31,AM,2018.0
ocotea odorifera,EN,EN,,EN,EN,20.856,RO,2014.0
vochysia eximia,,,,,VU,80.0000,PA,2013.0
peltogyne paradoxa,,,,,VU,18.0,AC,2008.0
pradosia kuhlmannii,EN,EN,,,EN,50.0782,PA,2014.0
virola surinamensis,VU,VU,,VU,VU,26.4360000000000005,AP,2014.0
erisma fuscum,,,,,EN,39.545999999999999,RR,2010.0
cedrela odorata,VU,VU,VU,VU,VU,20.0380,PA,2006.0
virola surinamensis,VU,VU,,VU,VU,30.7760000000000001,AC,2008.0
mezilaurus itauba,VU,VU,,VU,VU,693.50600000000000477,AC,2008.0
eschweilera compressa,EN,EN,,,EN,414.2649999999999985,AM,2016.0
hymenolobium excelsum,VU,VU,,VU,VU,588.2834000000000017,RR,2010.0
bulnesia sarmientoi,,,CR,,,497.2124999999999964,PA,2020.0
eriotheca longipedicellata,,,,,VU,105.102,MT,2016.0
cariniana legalis,EN,EN,,EN,EN,49.131,RR,2011.0
diplotropis rodriguesii,,,,,VU,80.7612,RO,2016.0
erisma fuscum,,,,,EN,1805.4069,PA,2011.0
vouacapoua americana,EN,EN,,EN,EN,206.7980000000000003,AP,2014.0
aniba rosaeodora,EN,EN,CR,EN,,81.93,AM,2011.0
peltogyne discolor,,,,,VU,29.0958,PA,2016.0
hymenolobium excelsum,VU,VU,,VU,VU,30179.7456,RO,2017.0
euxylophora paraensis,CR,CR,,CR,EN,183.0471999999999990,RO,2020.0
lafoensia glyptocarpa,,,,,EN,371.4224,PA,2017.0
lafoensia glyptocarpa,,,,,EN,688.4814,PA,2016.0
amburana acreana,VU,VU,,,VU,24625.3615,MT,2008.0
eschweilera compressa,EN,EN,,,EN,351.012799999999996,AM,2012.0
hymenolobium excelsum,VU,VU,,VU,VU,10504.3236,PA,2010.0
virola surinamensis,VU,VU,,VU,VU,212.5953,RO,2011.0
erisma fuscum,,,,,EN,1032.7724,RO,2013.0
mezilaurus itauba,VU,VU,,VU,VU,21240.8100999999999574,AM,2015.0
mezilaurus itauba,VU,VU,,VU,VU,263.25,RO,2006.0
mezilaurus itauba,VU,VU,,VU,VU,21.667,RR,2011.0
ocotea fragrantissima,,,,,EN,41.0,RO,2011.0
dimorphandra wilsonii,CR,CR,,,EN,576.7650,PA,2008.0
cariniana legalis,EN,EN,,EN,EN,8432.683800000000003,MT,2020.0
cedrela odorata,VU,VU,VU,VU,VU,7564.2845,RO,2017.0
euxylophora paraensis,CR,CR,,CR,EN,82.2705000000000003,AM,2016.0
vochysia mapuerae,,,,,VU,36.0,AP,2011.0
virola surinamensis,VU,VU,,VU,VU,8856.5841,PA,2013.0
vochysia eximia,,,,,VU,4890.2489,PA,2008.0
lafoensia glyptocarpa,,,,,EN,15.5832,AC,2011.0
cedrela odorata,VU,VU,VU,VU,VU,4436.95199999999999202,AC,2015.0
couratari asterotricha,EN,EN,,,EN,1582.428999999999998,RO,2015.0
cedrela odorata,VU,VU,VU,VU,VU,6057.4615000000000192,RO,2019.0
aldina heterophylla,,,,,VU,67.3828,RO,2015.0
euxylophora paraensis,CR,CR,,CR,EN,182.2269,RR,2011.0
cariniana legalis,EN,EN,,EN,EN,283.262,MT,2011.0
apuleia leiocarpa,VU,VU,,VU,VU,56043.8427,PA,2014.0
buchenavia parvifolia,,VU,,,,3864.9381,MT,2020.0
hymenaea parvifolia,VU,VU,,VU,VU,1850.6107,MT,2017.0
virola surinamensis,VU,VU,,VU,VU,156.7629000000000014,RO,2020.0
ocotea odorifera,EN,EN,,EN,EN,1039.821,MT,2017.0
cedrela odorata,VU,VU,VU,VU,VU,10197.7172999999999960,PA,2019.0
euxylophora paraensis,CR,CR,,CR,EN,19.768,AC,2010.0
virola surinamensis,VU,VU,,VU,VU,33.515,AP,2018.0
vouacapoua americana,EN,EN,,EN,EN,5.0,AP,2008.0
eschweilera compressa,EN,EN,,,EN,7.501,MT,2009.0
qualea magna,EN,EN,,,EN,844.2977,MT,2013.0
cariniana legalis,EN,EN,,EN,EN,335.241,RO,2016.0
mezilaurus itauba,VU,VU,,VU,VU,185459.0341999999999922,MT,2018.0
erisma fuscum,,,,,EN,9.881,MT,2020.0
euxylophora paraensis,CR,CR,,CR,EN,524.8729999999999979,RR,2007.0
vochysia rufescens,,,,,VU,4044.4997,MT,2016.0
hymenaea parvifolia,VU,VU,,VU,VU,1944.0908,RO,2017.0
cedrela odorata,VU,VU,VU,VU,VU,7816.42459999999999214,AC,2010.0
manilkara bella,EN,,,,,901.010,MT,2019.0
virola surinamensis,VU,VU,,VU,VU,51.0160000000000001,AC,2007.0
cedrela fissilis,VU,VU,VU,VU,VU,1620.4498999999999981,PA,2020.0
apuleia leiocarpa,VU,VU,,VU,VU,162994.88130000000000005,MT,2015.0
pterodon apparicioi,,,,,EN,159.1681,PA,2011.0
centrolobium paraense,EN,EN,,EN,EN,3.79,AM,2009.0
hymenolobium excelsum,VU,VU,,VU,VU,84.444000000000001,AP,2014.0
vouacapoua americana,EN,EN,,EN,EN,92.3853000000000004,AP,2018.0
cedrela fissilis,VU,VU,VU,VU,VU,189.4313,RO,2011.0
bulnesia sarmientoi,,,CR,,,220.0702,PA,2010.0
apuleia leiocarpa,VU,VU,,VU,VU,9395.8581999999999819,RO,2018.0
eriotheca longipedicellata,,,,,VU,638.8289999999999916,AC,2015.0
hymenaea parvifolia,VU,VU,,VU,VU,316.4319999999999987,AM,2009.0
apuleia leiocarpa,VU,VU,,VU,VU,27317.1538000000000195,AC,2019.0
virola surinamensis,VU,VU,,VU,VU,123.8550,AM,2011.0
hymenolobium excelsum,VU,VU,,VU,VU,8533.4013,PA,2008.0
hymenolobium excelsum,VU,VU,,VU,VU,1621.200,RR,2012.0
buchenavia parvifolia,,VU,,,,156.63,PA,2009.0
vouacapoua americana,EN,EN,,EN,EN,33.6367,MT,2007.0
hymenolobium excelsum,VU,VU,,VU,VU,971.063,RR,2008.0
peltogyne paradoxa,,,,,VU,283.2329999999999995,AM,2009.0
swietenia macrophylla,VU,VU,CR,VU,VU,70.0,AM,2007.0
hymenolobium excelsum,VU,VU,,VU,VU,9528.7106000000000087,AM,2015.0
cedrela odorata,VU,VU,VU,VU,VU,10.0,AP,2011.0
buchenavia parvifolia,,VU,,,,1795.32,PA,2008.0
qualea labouriauana,,,,,VU,401.380600000000003,RO,2020.0
hymenaea parvifolia,VU,VU,,VU,VU,820.4572000000000037,AM,2020.0
ocotea odorifera,EN,EN,,EN,EN,30.8690,PA,2008.0
erisma fuscum,,,,,EN,229.0601,RO,2017.0
apuleia leiocarpa,VU,VU,,VU,VU,248.468,RR,2012.0
hymenaea parvifolia,VU,VU,,VU,VU,1315.2802,MT,2015.0
mezilaurus itauba,VU,VU,,VU,VU,7703.8286999999999827,AM,2012.0
apuleia leiocarpa,VU,VU,,VU,VU,13642.64000000000000249,AC,2013.0
swietenia macrophylla,VU,VU,CR,VU,VU,33.088,MT,2008.0
ocotea fragrantissima,,,,,EN,12.0960,PA,2010.0
ocotea odorifera,EN,EN,,EN,EN,175.747,MT,2012.0
luetzelburgia trialata,,,,,EN,3.178,MT,2010.0
aldina heterophylla,,,,,VU,917.2784,PA,2013.0
erisma fuscum,,,,,EN,15.11,RR,2009.0
apuleia leiocarpa,VU,VU,,VU,VU,50280.9756,PA,2012.0
ocotea fragrantissima,,,,,EN,257.3412,RR,2008.0
apuleia leiocarpa,VU,VU,,VU,VU,39356.6948,PA,2013.0
cedrela odorata,VU,VU,VU,VU,VU,7861.9954,RO,2016.0
virola surinamensis,VU,VU,,VU,VU,5.0,RO,2018.0
aldina heterophylla,,,,,VU,221.66,AM,2011.0
peltogyne paradoxa,,,,,VU,2654.9875,RO,2014.0
vouacapoua americana,EN,EN,,EN,EN,2364.4012999999999993,PA,2016.0
eschweilera compressa,EN,EN,,,EN,470.2340000000000002,AM,2013.0
ocotea porosa,EN,EN,,,EN,6.467,RO,2013.0
diplotropis rodriguesii,,,,,VU,39.6487,RO,2017.0
apuleia leiocarpa,VU,VU,,VU,VU,54.7493,AP,2019.0
mezilaurus itauba,VU,VU,,VU,VU,5404.6122,RO,2011.0
erisma fuscum,,,,,EN,73.784099999999997,RO,2019.0
buchenavia parvifolia,,VU,,,,30.42,AM,2009.0
apuleia leiocarpa,VU,VU,,VU,VU,54.2,RO,2007.0
buchenavia parvifolia,,VU,,,,1516.4255999999999982,PA,2020.0
apuleia leiocarpa,VU,VU,,VU,VU,5707.9381,RO,2011.0
hymenolobium excelsum,VU,VU,,VU,VU,16609.8065,PA,2007.0
cariniana legalis,EN,EN,,EN,EN,155.602200000000001,RO,2015.0
cedrela fissilis,VU,VU,VU,VU,VU,72.7299,PA,2016.0
peltogyne maranhensis,VU,VU,,,VU,103.0470,PA,2015.0
cedrela fissilis,VU,VU,VU,VU,VU,267.9304,RO,2012.0
vouacapoua americana,EN,EN,,EN,EN,675.3640,RO,2012.0
mezilaurus itauba,VU,VU,,VU,VU,53804.2122000000000269,PA,2018.0
cedrela fissilis,VU,VU,VU,VU,VU,473.7496,PA,2010.0
vouacapoua americana,EN,EN,,EN,EN,8906.2172,PA,2015.0
xylopia brasiliensis,,,,,VU,3.4317,RO,2020.0
amburana acreana,VU,VU,,,VU,6105.4096,RO,2011.0
ocotea fragrantissima,,,,,EN,137.5690000000000004,PA,2016.0
vochysia eximia,,,,,VU,450.82,AP,2011.0
euplassa cantareirae,EN,EN,,,EN,90.0064,PA,2020.0
hymenaea parvifolia,VU,VU,,VU,VU,87.910,MT,2009.0
pterodon apparicioi,,,,,EN,396.303,MT,2007.0
bertholletia excelsa,VU,VU,,VU,VU,267.2519,RO,2011.0
vouacapoua americana,EN,EN,,EN,EN,28.1,AM,2017.0
euxylophora paraensis,CR,CR,,CR,EN,4041.6433,PA,2015.0
vochysia rufescens,,,,,VU,10556.5973,MT,2013.0
diplotropis rodriguesii,,,,,VU,301.3578000000000005,RO,2018.0
qualea magna,EN,EN,,,EN,24.556,MT,2020.0
eriotheca longipedicellata,,,,,VU,115.2046999999999982,AC,2019.0
cedrela odorata,VU,VU,VU,VU,VU,13708.1917,MT,2019.0
ocotea fragrantissima,,,,,EN,1030.5650,PA,2012.0
mezilaurus itauba,VU,VU,,VU,VU,5943.1326,RO,2013.0
eriotheca longipedicellata,,,,,VU,7.3,MT,2017.0
vouacapoua americana,EN,EN,,EN,EN,12.58,AP,2017.0
aldina heterophylla,,,,,VU,12.74,AM,2008.0
eschweilera compressa,EN,EN,,,EN,1378.7820,MT,2006.0
hymenolobium excelsum,VU,VU,,VU,VU,10883.8802000000000128,PA,2017.0
apuleia leiocarpa,VU,VU,,VU,VU,27514.2248,MT,2012.0
apuleia leiocarpa,VU,VU,,VU,VU,12271.8782,RO,2014.0
ocotea catharinensis,VU,VU,,,VU,65.269,MT,2014.0
cedrela odorata,VU,VU,VU,VU,VU,2530.0407999999999957,AM,2008.0
amburana acreana,VU,VU,,,VU,5787.94480000000000074,AC,2008.0
mezilaurus itauba,VU,VU,,VU,VU,2861.9456999999999983,RO,2018.0
pradosia kuhlmannii,EN,EN,,,EN,40.0,AM,2007.0
hymenaea parvifolia,VU,VU,,VU,VU,5.2710000000000002,AC,2013.0
vochysia mapuerae,,,,,VU,223.9009,PA,2012.0
amburana acreana,VU,VU,,,VU,11539.319599999999999,MT,2009.0
virola surinamensis,VU,VU,,VU,VU,3.16,AM,2007.0
cedrela odorata,VU,VU,VU,VU,VU,6.010,RR,2014.0
mezilaurus itauba,VU,VU,,VU,VU,2644.3349999999999781,AM,2008.0
bulnesia sarmientoi,,,CR,,,226.3973,PA,2013.0
vochysia rufescens,,,,,VU,7490.2496,MT,2019.0
diplotropis rodriguesii,,,,,VU,68.9649,RO,2015.0
virola surinamensis,VU,VU,,VU,VU,19946.2351,PA,2011.0
hymenolobium excelsum,VU,VU,,VU,VU,512.866,RR,2016.0
erisma fuscum,,,,,EN,121.9728,AM,2020.0
vouacapoua americana,EN,EN,,EN,EN,38626.9135,PA,2012.0
apuleia leiocarpa,VU,VU,,VU,VU,33496.9155000000000116,PA,2017.0
mezilaurus itauba,VU,VU,,VU,VU,215289.6839,MT,2007.0
peltogyne paradoxa,,,,,VU,514.925,MT,2014.0
vouacapoua americana,EN,EN,,EN,EN,254.4818000000000024,PA,2018.0
cariniana legalis,EN,EN,,EN,EN,1323.883,MT,2009.0
hymenaea parvifolia,VU,VU,,VU,VU,3557.5314999999999999,AM,2016.0
apuleia leiocarpa,VU,VU,,VU,VU,20325.6569,PA,2008.0
xylopia brasiliensis,,,,,VU,105.800,MT,2015.0
peltogyne paradoxa,,,,,VU,2744.5974,RO,2013.0
dimorphandra wilsonii,CR,CR,,,EN,62.8753,PA,2017.0
pilocarpus jaborandi,EN,EN,,EN,EN,34.3920,PA,2011.0
ocotea odorifera,EN,EN,,EN,EN,2.452,RR,2010.0
mezilaurus itauba,VU,VU,,VU,VU,189077.5657999999999997,MT,2013.0
vouacapoua americana,EN,EN,,EN,EN,28.289,AP,2015.0
mezilaurus itauba,VU,VU,,VU,VU,27255.1964999999999997,PA,2009.0
apuleia leiocarpa,VU,VU,,VU,VU,50518.8027,PA,2010.0
buchenavia parvifolia,,VU,,,,6617.268999999999997,MT,2017.0
euxylophora paraensis,CR,CR,,CR,EN,19446.8948,PA,2009.0
hymenaea parvifolia,VU,VU,,VU,VU,6936.1280000000000003,PA,2020.0
couratari asterotricha,EN,EN,,,EN,287.508,RO,2014.0
apuleia leiocarpa,VU,VU,,VU,VU,511.285,AM,2008.0
eriotheca longipedicellata,,,,,VU,62.2282,RO,2014.0
mezilaurus itauba,VU,VU,,VU,VU,215896.3759,MT,2011.0
hymenolobium excelsum,VU,VU,,VU,VU,102.3880,AP,2018.0
mezilaurus itauba,VU,VU,,VU,VU,69.815,RR,2010.0
eriotheca longipedicellata,,,,,VU,2056.4275,PA,2013.0
erisma fuscum,,,,,EN,416.0684999999999942,RO,2020.0
qualea labouriauana,,,,,VU,57.6139999999999998,AC,2020.0
pouteria macrocarpa,VU,,,,,34.497,MT,2020.0
vochysia rufescens,,,,,VU,6418.0628,MT,2017.0
aniba rosaeodora,EN,EN,CR,EN,,100.000,MT,2018.0
vochysia rufescens,,,,,VU,7841.8671,MT,2014.0
euxylophora paraensis,CR,CR,,CR,EN,91.847,RR,2013.0
ocotea fragrantissima,,,,,EN,170.5130,PA,2015.0
apuleia leiocarpa,VU,VU,,VU,VU,8.8570,RR,2014.0
hymenolobium excelsum,VU,VU,,VU,VU,61.5485,MT,2009.0
ocotea odorifera,EN,EN,,EN,EN,42.0000,PA,2013.0
manilkara bella,EN,,,,,1039.308,MT,2020.0
cariniana legalis,EN,EN,,EN,EN,4803.363999999999996,MT,2018.0
cedrela odorata,VU,VU,VU,VU,VU,2935.7261000000000272,AM,2016.0
hymenolobium excelsum,VU,VU,,VU,VU,28212.9114,MT,2016.0
apuleia leiocarpa,VU,VU,,VU,VU,16.3040000000000005,AP,2010.0
centrolobium paraense,EN,EN,,EN,EN,93.6660000000000004,RR,2007.0
erisma fuscum,,,,,EN,64.0844,RR,2014.0
apuleia leiocarpa,VU,VU,,VU,VU,9304.1001,RO,2012.0
cedrela odorata,VU,VU,VU,VU,VU,8302.7169,PA,2015.0
peltogyne discolor,,,,,VU,105.0369,PA,2017.0
cedrela odorata,VU,VU,VU,VU,VU,11458.5031,MT,2011.0
eriotheca longipedicellata,,,,,VU,58.310,MT,2012.0
buchenavia parvifolia,,VU,,,,14636.5117,MT,2014.0
euxylophora paraensis,CR,CR,,CR,EN,179.342000000000002,RO,2018.0
cariniana legalis,EN,EN,,EN,EN,2.419,RR,2018.0
pradosia kuhlmannii,EN,EN,,,EN,559.7046,PA,2009.0
mezilaurus itauba,VU,VU,,VU,VU,187273.743099999999995,MT,2016.0
apuleia leiocarpa,VU,VU,,VU,VU,143814.273299999999994,MT,2019.0
euxylophora paraensis,CR,CR,,CR,EN,289.950800000000001,PA,2020.0
peltogyne paradoxa,,,,,VU,825.867,MT,2015.0
centrolobium paraense,EN,EN,,EN,EN,1138.7458999999999833,AM,2015.0
aniba rosaeodora,EN,EN,CR,EN,,578.183000000000012,AM,2009.0
amburana acreana,VU,VU,,,VU,21574.752200000000009,MT,2020.0
ocotea odorata,,,,,EN,579.73,PA,2007.0
buchenavia parvifolia,,VU,,,,6.287,RR,2008.0
hymenolobium excelsum,VU,VU,,VU,VU,45768.4171,RO,2011.0
erisma fuscum,,,,,EN,37.935999999999998,AM,2013.0
virola surinamensis,VU,VU,,VU,VU,5613.1402,PA,2015.0
euxylophora paraensis,CR,CR,,CR,EN,7.0820000000000008,AP,2015.0
cedrela odorata,VU,VU,VU,VU,VU,12435.9062999999999958,MT,2017.0
cedrela fissilis,VU,VU,VU,VU,VU,10.527,AC,2008.0
bulnesia sarmientoi,,,CR,,,417.0537,PA,2011.0
ocotea fragrantissima,,,,,EN,453.8890000000000058,AM,2015.0
cedrela fissilis,VU,VU,VU,VU,VU,143.9419999999999994,AC,2012.0
ocotea odorata,,,,,EN,169.6860,PA,2008.0
virola surinamensis,VU,VU,,VU,VU,13631.5273,PA,2019.0
amburana acreana,VU,VU,,,VU,1194.9379000000000040,AM,2017.0
amburana acreana,VU,VU,,,VU,2182.9066999999999962,AM,2016.0
hymenaea parvifolia,VU,VU,,VU,VU,38.203,AC,2020.0
ocotea odorifera,EN,EN,,EN,EN,13.7499999999999999,RR,2007.0
cariniana legalis,EN,EN,,EN,EN,53.0161,RO,2017.0
mezilaurus itauba,VU,VU,,VU,VU,4480.0695,RO,2014.0
cedrela odorata,VU,VU,VU,VU,VU,14380.3898,MT,2006.0
amburana acreana,VU,VU,,,VU,17.61,AM,2013.0
centrolobium paraense,EN,EN,,EN,EN,2.095,AC,2018.0
zeyheria tuberculosa,VU,VU,,VU,,10.051,RO,2012.0
hymenolobium excelsum,VU,VU,,VU,VU,956.93210000000000446,AC,2013.0
apuleia leiocarpa,VU,VU,,VU,VU,37.007,RR,2011.0
centrolobium paraense,EN,EN,,EN,EN,1363.0028999999999928,AC,2015.0
euxylophora paraensis,CR,CR,,CR,EN,928.0139,RR,2008.0
cedrela fissilis,VU,VU,VU,VU,VU,5.0,RR,2010.0
lafoensia glyptocarpa,,,,,EN,20.468,RO,2013.0
cariniana legalis,EN,EN,,EN,EN,125.0000,PA,2009.0
swietenia macrophylla,VU,VU,CR,VU,VU,830.4494999999999982,AC,2019.0
bertholletia excelsa,VU,VU,,VU,VU,620.750,RO,2014.0
couratari asterotricha,EN,EN,,,EN,156.00,RO,2012.0
erisma fuscum,,,,,EN,271.6760000000000004,AP,2013.0
amburana acreana,VU,VU,,,VU,20767.017700000000007,MT,2019.0
hymenolobium excelsum,VU,VU,,VU,VU,49994.7165,RO,2013.0
cedrela fissilis,VU,VU,VU,VU,VU,66.067,MT,2018.0
bertholletia excelsa,VU,VU,,VU,VU,317.907,RR,2017.0
centrolobium paraense,EN,EN,,EN,EN,4.33,RR,2011.0
dimorphandra wilsonii,CR,CR,,,EN,557.5820,PA,2007.0
ocotea odorifera,EN,EN,,EN,EN,4103.396,MT,2019.0
peltogyne paradoxa,,,,,VU,8.4574,AC,2018.0
cedrela odorata,VU,VU,VU,VU,VU,7835.01869999999999664,AM,2018.0
vouacapoua americana,EN,EN,,EN,EN,880.6263,RO,2011.0
buchenavia parvifolia,,VU,,,,2507.6258,PA,2014.0
pradosia kuhlmannii,EN,EN,,,EN,66.3260,PA,2012.0
peltogyne discolor,,,,,VU,22.858,MT,2017.0
ocotea odorifera,EN,EN,,EN,EN,1813.7510,MT,2013.0
amburana acreana,VU,VU,,,VU,10602.1312999999999575,RO,2018.0
hymenolobium excelsum,VU,VU,,VU,VU,29898.8790,RO,2016.0
hymenaea parvifolia,VU,VU,,VU,VU,3782.1135,MT,2019.0
bertholletia excelsa,VU,VU,,VU,VU,9187.069999999999969,PA,2017.0
peltogyne maranhensis,VU,VU,,,VU,98.1720,PA,2016.0
hymenolobium excelsum,VU,VU,,VU,VU,502.2492000000000006,AC,2020.0
cedrela fissilis,VU,VU,VU,VU,VU,727.30,RO,2014.0
buchenavia parvifolia,,VU,,,,1902.4908000000000013,PA,2018.0
vouacapoua americana,EN,EN,,EN,EN,54.665,RO,2018.0
vouacapoua americana,EN,EN,,EN,EN,1971.2289999999999918,PA,2020.0
eriotheca longipedicellata,,,,,VU,256.178,RO,2017.0
eschweilera compressa,EN,EN,,,EN,1690.482000000000013,AM,2008.0
erisma fuscum,,,,,EN,18.6218,PA,2016.0
manilkara bella,EN,,,,,107.384,MT,2013.0
mezilaurus itauba,VU,VU,,VU,VU,556.4749999999999999,AC,2014.0
xylopia brasiliensis,,,,,VU,44.998,MT,2018.0
mezilaurus itauba,VU,VU,,VU,VU,6663.3532000000000102,RO,2015.0
hymenolobium excelsum,VU,VU,,VU,VU,3918.2308999999999831,AM,2017.0
ocotea porosa,EN,EN,,,EN,19.6464,RO,2014.0
cedrela fissilis,VU,VU,VU,VU,VU,28.01,MT,2009.0
peltogyne paradoxa,,,,,VU,14.153,AM,2014.0
vouacapoua americana,EN,EN,,EN,EN,242.1123000000000005,AP,2020.0
mezilaurus itauba,VU,VU,,VU,VU,30277.71169999999998394,PA,2010.0
virola surinamensis,VU,VU,,VU,VU,197.3002,AM,2015.0
cedrela odorata,VU,VU,VU,VU,VU,9010.315799999999999,MT,2016.0
ocotea fragrantissima,,,,,EN,98.9841,AM,2010.0
amburana acreana,VU,VU,,,VU,51.4470,PA,2013.0
couratari asterotricha,EN,EN,,,EN,1582.1966,PA,2014.0
cariniana legalis,EN,EN,,EN,EN,620.8050,PA,2013.0
eriotheca longipedicellata,,,,,VU,4.802,MT,2014.0
eschweilera compressa,EN,EN,,,EN,137.6270,PA,2013.0
peltogyne paradoxa,,,,,VU,1634.439999999999998,PA,2020.0
apuleia leiocarpa,VU,VU,,VU,VU,2687.7266,MT,2011.0
buchenavia parvifolia,,VU,,,,3066.9060,PA,2011.0
amburana acreana,VU,VU,,,VU,5462.6224,RO,2016.0
cedrela odorata,VU,VU,VU,VU,VU,4180.3826999999999891,PA,2018.0
ocotea odorifera,EN,EN,,EN,EN,2175.064,MT,2015.0
hymenaea parvifolia,VU,VU,,VU,VU,21.7530,AP,2011.0
cedrela fissilis,VU,VU,VU,VU,VU,7.687,AC,2013.0
ocotea odorifera,EN,EN,,EN,EN,2297.667,MT,2014.0
ocotea fragrantissima,,,,,EN,327.5271999999999997,PA,2017.0
qualea labouriauana,,,,,VU,161.7879,RO,2015.0
cedrela odorata,VU,VU,VU,VU,VU,5887.0857000000000016,PA,2017.0
terminalia acuminata,EN,EN,,,EN,661.5090,PA,2009.0
erisma fuscum,,,,,EN,58.7360,RO,2016.0
amburana acreana,VU,VU,,,VU,5983.93010000000001671,AC,2010.0
vouacapoua americana,EN,EN,,EN,EN,1404.434,MT,2006.0
bertholletia excelsa,VU,VU,,VU,VU,335.987,RO,2015.0
cariniana legalis,EN,EN,,EN,EN,47.884,RO,2013.0
mezilaurus itauba,VU,VU,,VU,VU,6712.59800000000002437,AM,2010.0
peltogyne discolor,,,,,VU,97.736,MT,2015.0
euxylophora paraensis,CR,CR,,CR,EN,9264.9779,PA,2014.0
swietenia macrophylla,VU,VU,CR,VU,VU,23.70,PA,2018.0
couratari pyramidata,EN,EN,,,EN,992.285,MT,2015.0
xylopia brasiliensis,,,,,VU,12.4751,RO,2011.0
mezilaurus itauba,VU,VU,,VU,VU,20818.0375,PA,2008.0
amburana acreana,VU,VU,,,VU,10678.3087,RO,2014.0
hymenolobium excelsum,VU,VU,,VU,VU,3822.1286999999999842,AM,2016.0
hymenolobium excelsum,VU,VU,,VU,VU,1407.9154000000000051,AC,2015.0
centrolobium paraense,EN,EN,,EN,EN,1710.62360000000001,AC,2016.0
hymenolobium excelsum,VU,VU,,VU,VU,6142.8191,MT,2007.0
cedrela odorata,VU,VU,VU,VU,VU,7255.35000000000000621,AC,2019.0
apuleia leiocarpa,VU,VU,,VU,VU,79.7007,AP,2009.0
cedrela odorata,VU,VU,VU,VU,VU,15767.8148000000000168,RO,2015.0
hymenolobium excelsum,VU,VU,,VU,VU,50997.0394,RO,2012.0
eriotheca longipedicellata,,,,,VU,604.1654,PA,2015.0
mezilaurus itauba,VU,VU,,VU,VU,123542.6025,MT,2006.0
ocotea fragrantissima,,,,,EN,92.7633,AM,2017.0
apuleia leiocarpa,VU,VU,,VU,VU,27262.7689,MT,2007.0
apuleia leiocarpa,VU,VU,,VU,VU,47117.4460000000001159,PA,2018.0
eschweilera compressa,EN,EN,,,EN,2091.9428,MT,2007.0
hymenaea parvifolia,VU,VU,,VU,VU,220.660,MT,2007.0
mezilaurus itauba,VU,VU,,VU,VU,193.7760,RR,2012.0
virola surinamensis,VU,VU,,VU,VU,736.5660,PA,2007.0
qualea coerulea,VU,VU,,,EN,317.8795,PA,2016.0
hymenolobium excelsum,VU,VU,,VU,VU,207.1833,MT,2008.0
amburana acreana,VU,VU,,,VU,17232.634200000000006,MT,2010.0
swietenia macrophylla,VU,VU,CR,VU,VU,925.6766000000000021,AM,2016.0
mezilaurus itauba,VU,VU,,VU,VU,42.700,RR,2019.0
peltogyne paradoxa,,,,,VU,151.3757000000000028,AM,2015.0
amburana acreana,VU,VU,,,VU,1517.7530000000000079,AM,2020.0
cedrela fissilis,VU,VU,VU,VU,VU,297.0139,PA,2015.0
lafoensia glyptocarpa,,,,,EN,735.4110000000000001,PA,2020.0
vouacapoua americana,EN,EN,,EN,EN,216.9324000000000006,AP,2013.0
apuleia leiocarpa,VU,VU,,VU,VU,23717.0708,MT,2006.0
euxylophora paraensis,CR,CR,,CR,EN,187.7145,PA,2017.0
vochysia eximia,,,,,VU,5359.2302,PA,2016.0
ocotea fragrantissima,,,,,EN,78.395,RO,2016.0
tabebuia cassinoides,EN,EN,,EN,VU,345.000,MT,2007.0
amburana acreana,VU,VU,,,VU,5745.0113999999999974,RO,2020.0
mezilaurus itauba,VU,VU,,VU,VU,1.456,RR,2007.0
virola surinamensis,VU,VU,,VU,VU,981.5524,RO,2017.0
amburana acreana,VU,VU,,,VU,21358.526600000000009,MT,2018.0
vouacapoua americana,EN,EN,,EN,EN,508.0467000000000015,AP,2019.0
aniba rosaeodora,EN,EN,CR,EN,,979.995,MT,2006.0
vochysia eximia,,,,,VU,210.4,AP,2010.0
xylopia brasiliensis,,,,,VU,73.294,MT,2014.0
bertholletia excelsa,VU,VU,,VU,VU,130.604,RO,2012.0
lafoensia glyptocarpa,,,,,EN,55.9850,PA,2011.0
erisma fuscum,,,,,EN,8.8301,RR,2020.0
pouteria macrocarpa,VU,,,,,141.076,MT,2017.0
virola surinamensis,VU,VU,,VU,VU,68.6020000000000043,AP,2013.0
virola surinamensis,VU,VU,,VU,VU,4.637,AM,2009.0
hymenaea parvifolia,VU,VU,,VU,VU,1442.5543,RO,2013.0
ocotea odorifera,EN,EN,,EN,EN,2123.146,MT,2006.0
paratecoma peroba,EN,EN,,EN,EN,71.3999999999999996,RR,2007.0
cedrela odorata,VU,VU,VU,VU,VU,9270.92029999999998481,AC,2011.0
hymenolobium excelsum,VU,VU,,VU,VU,7215.9260999999999865,AM,2019.0
vouacapoua americana,EN,EN,,EN,EN,1080.5768,RO,2014.0
ocotea fragrantissima,,,,,EN,5668.6659999999999946,AM,2008.0
cedrela fissilis,VU,VU,VU,VU,VU,251.83,RO,2013.0
aldina heterophylla,,,,,VU,539.8542999999999995,AM,2019.0
aldina heterophylla,,,,,VU,282.22,RO,2014.0
mezilaurus itauba,VU,VU,,VU,VU,5271.6259,RO,2012.0
aldina heterophylla,,,,,VU,882.1345999999999986,AM,2018.0
cedrela odorata,VU,VU,VU,VU,VU,4413.4894000000000043,AM,2009.0
euxylophora paraensis,CR,CR,,CR,EN,21075.3549,PA,2007.0
lafoensia glyptocarpa,,,,,EN,620.5518,PA,2018.0
bulnesia sarmientoi,,,CR,,,114.7610,PA,2019.0
euxylophora paraensis,CR,CR,,CR,EN,58.3520999999999998,RO,2019.0
cedrela fissilis,VU,VU,VU,VU,VU,167.5550000000000004,PA,2008.0
buchenavia parvifolia,,VU,,,,4142.5167,MT,2019.0
couratari asterotricha,EN,EN,,,EN,1087.6272,PA,2017.0
swietenia macrophylla,VU,VU,CR,VU,VU,354.8489999999999998,AC,2015.0
peltogyne paradoxa,,,,,VU,26.6820000000000002,AP,2014.0
apuleia leiocarpa,VU,VU,,VU,VU,5973.82530000000000074,AC,2017.0
pouteria macrocarpa,VU,,,,,575.531,MT,2014.0
ocotea odorata,,,,,EN,19.2784,PA,2020.0
hymenolobium excelsum,VU,VU,,VU,VU,1760.0501,RR,2011.0
euxylophora paraensis,CR,CR,,CR,EN,1.958,AM,2008.0
vouacapoua americana,EN,EN,,EN,EN,11316.6323,PA,2008.0
swietenia macrophylla,VU,VU,CR,VU,VU,9.0,AM,2008.0
bertholletia excelsa,VU,VU,,VU,VU,4.50,PA,2013.0
erisma fuscum,,,,,EN,9.5,RR,2007.0
cedrela fissilis,VU,VU,VU,VU,VU,1259.904,MT,2007.0
apuleia leiocarpa,VU,VU,,VU,VU,147166.8058000000000013,MT,2017.0
eriotheca longipedicellata,,,,,VU,62.971,RO,2013.0
qualea labouriauana,,,,,VU,785.9430000000000075,AM,2020.0
virola surinamensis,VU,VU,,VU,VU,1077.0914,RO,2014.0
cedrela odorata,VU,VU,VU,VU,VU,486.933,AM,2010.0
hymenaea parvifolia,VU,VU,,VU,VU,738.406200000000001,PA,2012.0
qualea coerulea,VU,VU,,,EN,7.978,AP,2018.0
qualea coerulea,VU,VU,,,EN,487.7196,PA,2020.0
cedrela odorata,VU,VU,VU,VU,VU,334.7589999999999995,RR,2007.0
aldina heterophylla,,,,,VU,71.3486,RO,2016.0
cariniana legalis,EN,EN,,EN,EN,889.6567,MT,2012.0
tabebuia cassinoides,EN,EN,,EN,VU,4.686,RO,2014.0
apuleia leiocarpa,VU,VU,,VU,VU,1905.9925,MT,2008.0
pouteria multiflora,,VU,,,EN,21.0360,PA,2011.0
cedrela fissilis,VU,VU,VU,VU,VU,71.8999999999999988,RR,2007.0
mezilaurus itauba,VU,VU,,VU,VU,7458.1781000000000018,AM,2019.0
peltogyne paradoxa,,,,,VU,2312.9781,MT,2016.0
cariniana legalis,EN,EN,,EN,EN,460.251,RR,2008.0
peltogyne paradoxa,,,,,VU,681.1409,PA,2009.0
mezilaurus itauba,VU,VU,,VU,VU,784.4561000000000032,AP,2013.0
erisma fuscum,,,,,EN,537.1160,PA,2007.0
euxylophora paraensis,CR,CR,,CR,EN,2.889,RR,2019.0
swietenia macrophylla,VU,VU,CR,VU,VU,202.8900,PA,2010.0
hymenolobium excelsum,VU,VU,,VU,VU,1559.48510000000000749,AC,2009.0
mezilaurus itauba,VU,VU,,VU,VU,302.8720000000000016,AC,2012.0
euplassa cantareirae,EN,EN,,,EN,32.3640,PA,2011.0
ocotea fragrantissima,,,,,EN,20,PA,2013.0
virola surinamensis,VU,VU,,VU,VU,1329.8740999999999981,RO,2015.0
cedrela odorata,VU,VU,VU,VU,VU,1410.329300000000016,AM,2011.0
swietenia macrophylla,VU,VU,CR,VU,VU,17.1320,PA,2012.0
cedrela fissilis,VU,VU,VU,VU,VU,976.6238,PA,2014.0
ocotea fragrantissima,,,,,EN,348.048699999999996,AM,2019.0
hymenaea parvifolia,VU,VU,,VU,VU,988.1672999999999997,PA,2013.0
vochysia eximia,,,,,VU,16.2220,PA,2014.0
cedrela fissilis,VU,VU,VU,VU,VU,76.6527,RO,2016.0
mezilaurus itauba,VU,VU,,VU,VU,967.54940000000000320,AP,2012.0
xylopia brasiliensis,,,,,VU,5.1071,RO,2019.0
eriotheca longipedicellata,,,,,VU,282.42399999999999934,AC,2010.0
vismia parviflora,,,,,EN,3.2469,RO,2019.0
eriotheca longipedicellata,,,,,VU,450.7683,PA,2017.0
amburana acreana,VU,VU,,,VU,7228.66140000000001077,AC,2018.0
hymenaea parvifolia,VU,VU,,VU,VU,3334.1523,RO,2014.0
ocotea odorata,,,,,EN,98.9919,PA,2019.0
swietenia macrophylla,VU,VU,CR,VU,VU,270.5127,PA,2007.0
erisma fuscum,,,,,EN,26.532,AP,2014.0
eschweilera compressa,EN,EN,,,EN,24.278,RO,2014.0
virola surinamensis,VU,VU,,VU,VU,37.704,RO,2013.0
cedrela fissilis,VU,VU,VU,VU,VU,243.617,MT,2019.0
ocotea odorifera,EN,EN,,EN,EN,6.392,RR,2008.0
hymenolobium excelsum,VU,VU,,VU,VU,689.251,RR,2009.0
mezilaurus itauba,VU,VU,,VU,VU,70,SC,2007.0
apuleia leiocarpa,VU,VU,,VU,VU,1297.311000000000005,AM,2007.0
hymenolobium excelsum,VU,VU,,VU,VU,104.014,AP,2011.0
qualea labouriauana,,,,,VU,118.0803,RO,2018.0
